#options: 2940x1474 fps=60/1 timebase=1/60 bitdepth=8 cabac=1 ref=1 deblock=1:0:0 analyse=0x1:0 me=dia subme=2 psy=1 psy_rd=1.00:0.00 mixed_ref=0 me_range=16 chroma_me=1 trellis=0 8x8dct=0 cqm=0 deadzone=21,11 fast_pskip=1 chroma_qp_offset=0 threads=15 lookahead_threads=5 sliced_threads=0 nr=0 decimate=1 interlaced=0 bluray_compat=0 constrained_intra=0 bframes=3 b_pyramid=2 b_adapt=1 b_bias=0 direct=1 weightb=1 open_gop=0 weightp=2 keyint=250 keyint_min=25 scenecut=40 intra_refresh=0 rc_lookahead=40 rc=abr mbtree=1 bitrate=1601 ratetol=1.0 qcomp=0.60 qpmin=0 qpmax=69 qpstep=4 ip_ratio=1.40 aq=1:1.00
in:0 out:0 type:I dur:2 cpbdur:2 q:47.04 aq:28.15 tex:245108 mv:71486 misc:6294 imb:17112 pmb:0 smb:0 d:- ref:;
in:4 out:1 type:P dur:4 cpbdur:4 q:45.96 aq:38.58 tex:964 mv:322 misc:1010 imb:13 pmb:40 smb:17059 d:- ref:0 ;
in:2 out:2 type:B dur:2 cpbdur:2 q:45.96 aq:37.32 tex:527 mv:651 misc:1030 imb:61 pmb:37 smb:17014 d:- ref:0 ;
in:1 out:3 type:b dur:24 cpbdur:24 q:45.96 aq:47.00 tex:0 mv:11 misc:741 imb:0 pmb:4 smb:17108 d:- ref:0 ;
in:3 out:4 type:b dur:2 cpbdur:2 q:45.96 aq:47.05 tex:251 mv:89 misc:764 imb:2 pmb:13 smb:17097 d:- ref:0 ;
in:8 out:5 type:P dur:2 cpbdur:2 q:47.16 aq:32.29 tex:984 mv:362 misc:1110 imb:14 pmb:57 smb:17041 d:- ref:0 ;
in:6 out:6 type:B dur:2 cpbdur:2 q:46.56 aq:45.93 tex:308 mv:73 misc:795 imb:2 pmb:15 smb:17095 d:- ref:0 ;
in:5 out:7 type:b dur:2 cpbdur:2 q:46.26 aq:46.97 tex:298 mv:86 misc:776 imb:3 pmb:15 smb:17094 d:- ref:0 ;
in:7 out:8 type:b dur:2 cpbdur:2 q:46.86 aq:48.56 tex:276 mv:60 misc:768 imb:1 pmb:14 smb:17097 d:- ref:0 ;
in:12 out:9 type:P dur:2 cpbdur:2 q:46.97 aq:32.69 tex:2073 mv:465 misc:1182 imb:47 pmb:48 smb:17017 d:- ref:0 ;
in:10 out:10 type:B dur:2 cpbdur:2 q:47.07 aq:47.15 tex:232 mv:49 misc:783 imb:1 pmb:12 smb:17099 d:- ref:0 ;
in:9 out:11 type:b dur:2 cpbdur:2 q:47.12 aq:48.63 tex:225 mv:51 misc:772 imb:1 pmb:11 smb:17100 d:- ref:0 ;
in:11 out:12 type:b dur:2 cpbdur:2 q:47.02 aq:48.52 tex:312 mv:72 misc:752 imb:3 pmb:7 smb:17102 d:- ref:0 ;
in:16 out:13 type:P dur:2 cpbdur:2 q:46.76 aq:26.70 tex:987 mv:1371 misc:1442 imb:365 pmb:221 smb:16526 d:- ref:0 ;
in:14 out:14 type:B dur:2 cpbdur:2 q:46.86 aq:46.00 tex:0 mv:0 misc:744 imb:0 pmb:0 smb:17112 d:- ref:0 ;
in:13 out:15 type:b dur:2 cpbdur:2 q:46.92 aq:48.00 tex:0 mv:0 misc:728 imb:0 pmb:0 smb:17112 d:- ref:0 ;
in:15 out:16 type:b dur:2 cpbdur:2 q:46.81 aq:47.00 tex:0 mv:0 misc:728 imb:0 pmb:0 smb:17112 d:- ref:0 ;
in:20 out:17 type:P dur:2 cpbdur:2 q:50.76 aq:44.00 tex:0 mv:0 misc:736 imb:0 pmb:0 smb:17112 d:- ref:0 ;
in:18 out:18 type:B dur:2 cpbdur:2 q:48.76 aq:47.00 tex:0 mv:0 misc:744 imb:0 pmb:0 smb:17112 d:- ref:0 ;
in:17 out:19 type:b dur:2 cpbdur:2 q:47.76 aq:48.00 tex:0 mv:0 misc:728 imb:0 pmb:0 smb:17112 d:- ref:0 ;
in:19 out:20 type:b dur:2 cpbdur:2 q:49.76 aq:50.00 tex:0 mv:0 misc:728 imb:0 pmb:0 smb:17112 d:- ref:0 ;
in:24 out:21 type:P dur:2 cpbdur:2 q:42.76 aq:26.71 tex:85036 mv:10466 misc:6410 imb:1487 pmb:2999 smb:12626 d:- ref:0 ;
in:22 out:22 type:B dur:2 cpbdur:2 q:46.76 aq:45.00 tex:0 mv:0 misc:744 imb:0 pmb:0 smb:17112 d:- ref:0 ;
in:21 out:23 type:b dur:2 cpbdur:2 q:48.76 aq:49.00 tex:0 mv:0 misc:728 imb:0 pmb:0 smb:17112 d:- ref:0 ;
in:23 out:24 type:b dur:2 cpbdur:2 q:44.76 aq:45.00 tex:0 mv:0 misc:728 imb:0 pmb:0 smb:17112 d:- ref:0 ;
in:28 out:25 type:P dur:4 cpbdur:4 q:38.22 aq:33.17 tex:65711 mv:1034 misc:3791 imb:36 pmb:913 smb:16163 d:- ref:0 ;
in:26 out:26 type:B dur:70 cpbdur:70 q:40.49 aq:41.00 tex:2 mv:21 misc:769 imb:0 pmb:9 smb:17103 d:- ref:0 ;
in:25 out:27 type:b dur:8 cpbdur:8 q:41.62 aq:42.00 tex:0 mv:0 misc:728 imb:0 pmb:0 smb:17112 d:- ref:0 ;
in:27 out:28 type:b dur:2 cpbdur:2 q:39.35 aq:41.18 tex:596 mv:123 misc:753 imb:4 pmb:8 smb:17100 d:- ref:0 ;
in:32 out:29 type:P dur:2 cpbdur:2 q:35.84 aq:25.62 tex:203060 mv:8329 misc:5115 imb:1098 pmb:2227 smb:13787 d:- ref:0 ;
in:30 out:30 type:B dur:2 cpbdur:2 q:37.03 aq:26.33 tex:873 mv:91 misc:812 imb:3 pmb:17 smb:17092 d:- ref:0 ;
in:29 out:31 type:b dur:2 cpbdur:2 q:37.62 aq:34.69 tex:724 mv:96 misc:772 imb:3 pmb:14 smb:17095 d:- ref:0 ;
in:31 out:32 type:b dur:2 cpbdur:2 q:36.43 aq:39.08 tex:728 mv:72 misc:784 imb:1 pmb:16 smb:17095 d:- ref:0 ;
in:36 out:33 type:P dur:2 cpbdur:2 q:34.65 aq:26.38 tex:59829 mv:3659 misc:5272 imb:574 pmb:1105 smb:15433 d:- ref:0 ;
in:34 out:34 type:B dur:2 cpbdur:2 q:35.25 aq:29.56 tex:939 mv:100 misc:817 imb:3 pmb:17 smb:17092 d:- ref:0 ;
in:33 out:35 type:b dur:2 cpbdur:2 q:35.54 aq:30.67 tex:897 mv:69 misc:778 imb:2 pmb:14 smb:17096 d:- ref:0 ;
in:35 out:36 type:b dur:2 cpbdur:2 q:34.95 aq:38.05 tex:1002 mv:50 misc:772 imb:0 pmb:17 smb:17095 d:- ref:0 ;
in:40 out:37 type:P dur:2 cpbdur:2 q:35.28 aq:27.17 tex:9108 mv:630 misc:1694 imb:107 pmb:147 smb:16858 d:- ref:0 ;
in:38 out:38 type:B dur:2 cpbdur:2 q:34.97 aq:31.74 tex:1004 mv:109 misc:823 imb:2 pmb:21 smb:17089 d:- ref:0 ;
in:37 out:39 type:b dur:2 cpbdur:2 q:34.81 aq:37.29 tex:942 mv:65 misc:777 imb:1 pmb:18 smb:17093 d:- ref:0 ;
in:39 out:40 type:b dur:2 cpbdur:2 q:35.12 aq:35.57 tex:1076 mv:79 misc:781 imb:2 pmb:17 smb:17093 d:- ref:0 ;
in:44 out:41 type:P dur:2 cpbdur:2 q:30.09 aq:16.26 tex:290482 mv:13448 misc:5502 imb:4018 pmb:2345 smb:10749 d:- ref:0 ;
in:42 out:42 type:B dur:2 cpbdur:2 q:32.69 aq:29.10 tex:1262 mv:94 misc:804 imb:3 pmb:19 smb:17090 d:- ref:0 ;
in:41 out:43 type:b dur:2 cpbdur:2 q:33.98 aq:24.91 tex:1337 mv:137 misc:806 imb:6 pmb:17 smb:17089 d:- ref:0 ;
in:43 out:44 type:b dur:2 cpbdur:2 q:31.39 aq:25.06 tex:1232 mv:115 misc:773 imb:4 pmb:14 smb:17094 d:- ref:0 ;
in:48 out:45 type:P dur:2 cpbdur:2 q:31.55 aq:21.38 tex:3259 mv:439 misc:1222 imb:44 pmb:61 smb:17007 d:- ref:0 ;
in:46 out:46 type:B dur:2 cpbdur:2 q:30.82 aq:30.80 tex:1411 mv:62 misc:783 imb:1 pmb:15 smb:17096 d:- ref:0 ;
in:45 out:47 type:b dur:2 cpbdur:2 q:30.46 aq:32.96 tex:1414 mv:60 misc:774 imb:1 pmb:16 smb:17095 d:- ref:0 ;
in:47 out:48 type:b dur:2 cpbdur:2 q:31.18 aq:34.12 tex:1277 mv:78 misc:789 imb:1 pmb:24 smb:17087 d:- ref:0 ;
in:52 out:49 type:P dur:2 cpbdur:2 q:32.14 aq:23.80 tex:1710 mv:169 misc:881 imb:18 pmb:24 smb:17070 d:- ref:0 ;
in:50 out:50 type:B dur:4 cpbdur:4 q:31.84 aq:34.02 tex:1504 mv:78 misc:794 imb:2 pmb:19 smb:17091 d:- ref:0 ;
in:49 out:51 type:b dur:2 cpbdur:2 q:31.69 aq:26.85 tex:1247 mv:67 misc:758 imb:2 pmb:13 smb:17097 d:- ref:0 ;
in:51 out:52 type:b dur:2 cpbdur:2 q:31.99 aq:34.01 tex:1356 mv:117 misc:783 imb:2 pmb:21 smb:17089 d:- ref:0 ;
in:56 out:53 type:P dur:2 cpbdur:2 q:31.70 aq:28.01 tex:1845 mv:211 misc:872 imb:26 pmb:11 smb:17075 d:- ref:0 ;
in:54 out:54 type:B dur:2 cpbdur:2 q:31.92 aq:34.46 tex:1329 mv:68 misc:795 imb:0 pmb:22 smb:17090 d:- ref:0 ;
in:53 out:55 type:b dur:2 cpbdur:2 q:32.03 aq:35.26 tex:1296 mv:87 misc:785 imb:0 pmb:22 smb:17090 d:- ref:0 ;
in:55 out:56 type:b dur:2 cpbdur:2 q:31.81 aq:24.92 tex:1287 mv:71 misc:770 imb:2 pmb:15 smb:17095 d:- ref:0 ;
in:60 out:57 type:P dur:2 cpbdur:2 q:33.46 aq:25.74 tex:3242 mv:370 misc:1180 imb:19 pmb:101 smb:16992 d:- ref:0 ;
in:58 out:58 type:B dur:2 cpbdur:2 q:32.58 aq:24.30 tex:1537 mv:159 misc:872 imb:3 pmb:41 smb:17068 d:- ref:0 ;
in:57 out:59 type:b dur:2 cpbdur:2 q:32.14 aq:34.50 tex:1626 mv:125 misc:857 imb:2 pmb:32 smb:17078 d:- ref:0 ;
in:59 out:60 type:b dur:2 cpbdur:2 q:33.02 aq:30.41 tex:1365 mv:120 misc:779 imb:3 pmb:17 smb:17092 d:- ref:0 ;
in:64 out:61 type:P dur:2 cpbdur:2 q:32.78 aq:26.76 tex:4481 mv:312 misc:1279 imb:22 pmb:91 smb:16999 d:- ref:0 ;
in:62 out:62 type:B dur:2 cpbdur:2 q:33.12 aq:33.61 tex:1135 mv:89 misc:800 imb:2 pmb:21 smb:17089 d:- ref:0 ;
in:61 out:63 type:b dur:2 cpbdur:2 q:33.29 aq:32.49 tex:1209 mv:144 misc:775 imb:4 pmb:15 smb:17093 d:- ref:0 ;
in:63 out:64 type:b dur:2 cpbdur:2 q:32.95 aq:35.84 tex:1220 mv:84 misc:776 imb:2 pmb:16 smb:17094 d:- ref:0 ;
in:68 out:65 type:P dur:2 cpbdur:2 q:32.05 aq:24.31 tex:6259 mv:403 misc:1538 imb:30 pmb:135 smb:16947 d:- ref:0 ;
in:66 out:66 type:B dur:2 cpbdur:2 q:32.42 aq:34.49 tex:1205 mv:55 misc:788 imb:0 pmb:16 smb:17096 d:- ref:0 ;
in:65 out:67 type:b dur:2 cpbdur:2 q:32.60 aq:27.18 tex:1274 mv:111 misc:767 imb:6 pmb:10 smb:17096 d:- ref:0 ;
in:67 out:68 type:b dur:2 cpbdur:2 q:32.23 aq:23.65 tex:1318 mv:85 misc:765 imb:2 pmb:13 smb:17097 d:- ref:0 ;
in:70 out:69 type:P dur:2 cpbdur:2 q:31.50 aq:23.03 tex:9285 mv:670 misc:1869 imb:97 pmb:188 smb:16827 d:- ref:0 ;
in:69 out:70 type:b dur:2 cpbdur:2 q:31.77 aq:25.15 tex:1188 mv:108 misc:760 imb:2 pmb:10 smb:17100 d:- ref:0 ;
in:74 out:71 type:P dur:2 cpbdur:2 q:30.23 aq:20.60 tex:18983 mv:1456 misc:3033 imb:166 pmb:418 smb:16528 d:- ref:0 ;
in:72 out:72 type:B dur:2 cpbdur:2 q:30.86 aq:30.00 tex:3 mv:42 misc:755 imb:0 pmb:7 smb:17105 d:- ref:0 ;
in:71 out:73 type:b dur:2 cpbdur:2 q:31.18 aq:16.08 tex:37 mv:24 misc:747 imb:0 pmb:8 smb:17104 d:- ref:0 ;
in:73 out:74 type:b dur:2 cpbdur:2 q:30.55 aq:16.08 tex:32 mv:5 misc:731 imb:0 pmb:1 smb:17111 d:- ref:0 ;
in:78 out:75 type:P dur:2 cpbdur:2 q:29.44 aq:20.10 tex:25078 mv:1710 misc:3324 imb:250 pmb:531 smb:16331 d:- ref:0 ;
in:76 out:76 type:B dur:4 cpbdur:4 q:29.83 aq:20.72 tex:49 mv:4 misc:747 imb:0 pmb:1 smb:17111 d:- ref:0 ;
in:75 out:77 type:b dur:2 cpbdur:2 q:30.03 aq:31.00 tex:0 mv:0 misc:720 imb:0 pmb:0 smb:17112 d:- ref:0 ;
in:77 out:78 type:b dur:2 cpbdur:2 q:29.63 aq:15.08 tex:34 mv:8 misc:734 imb:0 pmb:2 smb:17110 d:- ref:0 ;
in:82 out:79 type:P dur:12 cpbdur:12 q:22.67 aq:15.29 tex:73839 mv:4066 misc:4991 imb:829 pmb:1010 smb:15273 d:- ref:0 ;
in:80 out:80 type:B dur:2 cpbdur:2 q:26.05 aq:24.97 tex:74 mv:71 misc:871 imb:1 pmb:22 smb:17089 d:- ref:0 ;
in:79 out:81 type:b dur:2 cpbdur:2 q:27.75 aq:28.00 tex:0 mv:3 misc:725 imb:0 pmb:1 smb:17111 d:- ref:0 ;
in:81 out:82 type:b dur:2 cpbdur:2 q:24.36 aq:15.70 tex:171 mv:549 misc:872 imb:69 pmb:8 smb:17035 d:- ref:0 ;
in:83 out:83 type:P dur:2 cpbdur:2 q:26.67 aq:15.78 tex:42651 mv:7624 misc:5365 imb:1075 pmb:1105 smb:14932 d:- ref:0 ;
in:84 out:84 type:P dur:2 cpbdur:2 q:28.19 aq:13.21 tex:4186 mv:4572 misc:2842 imb:809 pmb:251 smb:16052 d:- ref:0 ;
in:86 out:85 type:P dur:2 cpbdur:2 q:28.22 aq:15.71 tex:271435 mv:13108 misc:2321 imb:5151 pmb:297 smb:11664 d:- ref:0 ;
in:85 out:86 type:b dur:2 cpbdur:2 q:28.21 aq:21.55 tex:17308 mv:3940 misc:2472 imb:207 pmb:621 smb:16284 d:- ref:0 ;
in:87 out:87 type:P dur:2 cpbdur:2 q:28.51 aq:18.91 tex:219813 mv:11177 misc:2082 imb:4501 pmb:247 smb:12364 d:- ref:0 ;
in:88 out:88 type:P dur:2 cpbdur:2 q:28.74 aq:17.37 tex:163571 mv:9383 misc:2270 imb:3186 pmb:318 smb:13608 d:- ref:0 ;
in:90 out:89 type:P dur:2 cpbdur:2 q:28.93 aq:17.67 tex:293875 mv:8686 misc:2623 imb:3801 pmb:282 smb:13029 d:- ref:0 ;
in:89 out:90 type:b dur:2 cpbdur:2 q:28.84 aq:19.62 tex:8146 mv:4019 misc:2763 imb:268 pmb:1152 smb:15692 d:- ref:0 ;
in:91 out:91 type:P dur:2 cpbdur:2 q:29.38 aq:15.87 tex:23045 mv:3742 misc:2637 imb:1010 pmb:289 smb:15813 d:- ref:0 ;
in:92 out:92 type:P dur:2 cpbdur:2 q:29.35 aq:12.82 tex:7414 mv:2992 misc:2138 imb:833 pmb:365 smb:15914 d:- ref:0 ;
in:95 out:93 type:P dur:2 cpbdur:2 q:29.29 aq:17.94 tex:5524 mv:2786 misc:2002 imb:1006 pmb:314 smb:15792 d:- ref:0 ;
in:93 out:94 type:B dur:2 cpbdur:2 q:29.33 aq:13.00 tex:286 mv:2922 misc:1760 imb:96 pmb:537 smb:16479 d:- ref:0 ;
in:94 out:95 type:b dur:2 cpbdur:2 q:29.31 aq:15.01 tex:189 mv:1620 misc:1735 imb:91 pmb:549 smb:16472 d:- ref:0 ;
in:96 out:96 type:P dur:2 cpbdur:2 q:28.89 aq:14.96 tex:6665 mv:3074 misc:2205 imb:574 pmb:426 smb:16112 d:- ref:0 ;
in:97 out:97 type:P dur:2 cpbdur:2 q:28.84 aq:21.57 tex:10623 mv:2731 misc:2150 imb:518 pmb:295 smb:16299 d:- ref:0 ;
in:98 out:98 type:P dur:2 cpbdur:2 q:28.92 aq:11.74 tex:6476 mv:2026 misc:1866 imb:645 pmb:208 smb:16259 d:- ref:0 ;
in:99 out:99 type:P dur:2 cpbdur:2 q:28.81 aq:17.64 tex:7639 mv:1961 misc:1744 imb:650 pmb:195 smb:16267 d:- ref:0 ;
in:100 out:100 type:P dur:2 cpbdur:2 q:29.54 aq:10.59 tex:6348 mv:3225 misc:2163 imb:385 pmb:335 smb:16392 d:- ref:0 ;
in:101 out:101 type:P dur:2 cpbdur:2 q:29.52 aq:8.47 tex:3981 mv:2363 misc:2120 imb:578 pmb:250 smb:16284 d:- ref:0 ;
in:102 out:102 type:P dur:4 cpbdur:4 q:27.71 aq:7.86 tex:2922 mv:2151 misc:1759 imb:717 pmb:118 smb:16277 d:- ref:0 ;
in:103 out:103 type:P dur:2 cpbdur:2 q:30.49 aq:8.74 tex:1039 mv:3265 misc:2104 imb:595 pmb:242 smb:16275 d:- ref:0 ;
in:104 out:104 type:P dur:2 cpbdur:2 q:31.12 aq:20.27 tex:1905 mv:1437 misc:1578 imb:407 pmb:88 smb:16617 d:- ref:0 ;
in:106 out:105 type:P dur:2 cpbdur:2 q:30.98 aq:26.64 tex:143781 mv:6821 misc:2750 imb:1852 pmb:259 smb:15001 d:- ref:0 ;
in:105 out:106 type:b dur:2 cpbdur:2 q:31.05 aq:27.42 tex:14230 mv:4562 misc:2728 imb:346 pmb:1133 smb:15633 d:- ref:0 ;
in:107 out:107 type:P dur:2 cpbdur:2 q:31.12 aq:26.79 tex:134154 mv:8640 misc:2246 imb:2637 pmb:246 smb:14229 d:- ref:0 ;
in:108 out:108 type:P dur:2 cpbdur:2 q:31.18 aq:22.97 tex:239793 mv:11816 misc:2383 imb:3327 pmb:311 smb:13474 d:- ref:0 ;
in:110 out:109 type:P dur:2 cpbdur:2 q:31.33 aq:24.23 tex:315600 mv:13782 misc:2762 imb:3750 pmb:420 smb:12942 d:- ref:0 ;
in:109 out:110 type:b dur:2 cpbdur:2 q:31.25 aq:24.75 tex:8749 mv:9144 misc:3579 imb:933 pmb:1063 smb:15116 d:- ref:0 ;
in:111 out:111 type:P dur:2 cpbdur:2 q:31.66 aq:20.84 tex:29353 mv:4282 misc:3229 imb:805 pmb:438 smb:15869 d:- ref:0 ;
in:114 out:112 type:P dur:2 cpbdur:2 q:31.66 aq:18.36 tex:22996 mv:5604 misc:3760 imb:1002 pmb:563 smb:15547 d:- ref:0 ;
in:112 out:113 type:B dur:2 cpbdur:2 q:31.66 aq:27.85 tex:446 mv:289 misc:1089 imb:10 pmb:167 smb:16935 d:- ref:0 ;
in:113 out:114 type:b dur:2 cpbdur:2 q:31.66 aq:20.78 tex:481 mv:4967 misc:2648 imb:278 pmb:645 smb:16189 d:- ref:0 ;
in:115 out:115 type:P dur:2 cpbdur:2 q:31.34 aq:19.67 tex:18179 mv:6051 misc:3762 imb:767 pmb:722 smb:15623 d:- ref:0 ;
in:117 out:116 type:P dur:2 cpbdur:2 q:31.21 aq:19.18 tex:15948 mv:5435 misc:3457 imb:910 pmb:455 smb:15747 d:- ref:0 ;
in:116 out:117 type:b dur:2 cpbdur:2 q:31.28 aq:18.01 tex:797 mv:6056 misc:2899 imb:462 pmb:681 smb:15969 d:- ref:0 ;
in:119 out:118 type:P dur:2 cpbdur:2 q:30.84 aq:17.95 tex:13632 mv:3346 misc:2926 imb:557 pmb:374 smb:16181 d:- ref:0 ;
in:118 out:119 type:b dur:2 cpbdur:2 q:31.02 aq:20.98 tex:881 mv:4122 misc:2637 imb:217 pmb:781 smb:16114 d:- ref:0 ;
in:120 out:120 type:P dur:2 cpbdur:2 q:30.92 aq:15.86 tex:13301 mv:4336 misc:3107 imb:580 pmb:499 smb:16033 d:- ref:0 ;
in:121 out:121 type:P dur:2 cpbdur:2 q:30.91 aq:18.29 tex:24065 mv:6221 misc:3498 imb:779 pmb:527 smb:15806 d:- ref:0 ;
in:122 out:122 type:P dur:2 cpbdur:2 q:31.22 aq:14.66 tex:13378 mv:4363 misc:2947 imb:681 pmb:407 smb:16024 d:- ref:0 ;
in:123 out:123 type:P dur:2 cpbdur:2 q:31.85 aq:15.90 tex:12315 mv:4795 misc:3026 imb:581 pmb:452 smb:16079 d:- ref:0 ;
in:124 out:124 type:P dur:2 cpbdur:2 q:32.57 aq:10.99 tex:5269 mv:4871 misc:2948 imb:766 pmb:422 smb:15924 d:- ref:0 ;
in:125 out:125 type:P dur:4 cpbdur:4 q:30.06 aq:13.91 tex:13372 mv:5044 misc:3104 imb:842 pmb:497 smb:15773 d:- ref:0 ;
in:126 out:126 type:P dur:2 cpbdur:2 q:32.41 aq:13.46 tex:12301 mv:5162 misc:3177 imb:738 pmb:505 smb:15869 d:- ref:0 ;
in:129 out:127 type:P dur:2 cpbdur:2 q:32.43 aq:14.63 tex:14080 mv:4093 misc:3059 imb:560 pmb:465 smb:16087 d:- ref:0 ;
in:127 out:128 type:B dur:2 cpbdur:2 q:32.42 aq:14.54 tex:2181 mv:4778 misc:2537 imb:399 pmb:527 smb:16186 d:- ref:0 ;
in:128 out:129 type:b dur:2 cpbdur:2 q:32.42 aq:23.34 tex:1721 mv:4201 misc:2790 imb:126 pmb:919 smb:16067 d:- ref:0 ;
in:133 out:130 type:P dur:2 cpbdur:2 q:32.28 aq:13.27 tex:20463 mv:4042 misc:3231 imb:458 pmb:591 smb:16063 d:- ref:0 ;
in:131 out:131 type:B dur:2 cpbdur:2 q:32.35 aq:20.26 tex:2037 mv:3109 misc:1918 imb:225 pmb:418 smb:16469 d:- ref:0 ;
in:130 out:132 type:b dur:2 cpbdur:2 q:32.39 aq:25.46 tex:2116 mv:1843 misc:2257 imb:19 pmb:895 smb:16198 d:- ref:0 ;
in:132 out:133 type:b dur:2 cpbdur:2 q:32.31 aq:19.52 tex:2004 mv:1675 misc:2129 imb:55 pmb:658 smb:16399 d:- ref:0 ;
in:137 out:134 type:P dur:2 cpbdur:2 q:32.07 aq:19.53 tex:16056 mv:4233 misc:3207 imb:936 pmb:571 smb:15605 d:- ref:0 ;
in:135 out:135 type:B dur:2 cpbdur:2 q:32.17 aq:17.59 tex:436 mv:2959 misc:2693 imb:88 pmb:1091 smb:15933 d:- ref:0 ;
in:134 out:136 type:b dur:2 cpbdur:2 q:32.22 aq:18.36 tex:831 mv:3212 misc:2837 imb:61 pmb:1187 smb:15864 d:- ref:0 ;
in:136 out:137 type:b dur:2 cpbdur:2 q:32.12 aq:18.44 tex:413 mv:552 misc:2763 imb:4 pmb:1053 smb:16055 d:- ref:0 ;
in:141 out:138 type:P dur:2 cpbdur:2 q:31.81 aq:15.57 tex:17702 mv:4839 misc:3547 imb:1044 pmb:586 smb:15482 d:- ref:0 ;
in:139 out:139 type:B dur:2 cpbdur:2 q:31.94 aq:27.18 tex:79 mv:297 misc:1672 imb:1 pmb:442 smb:16669 d:- ref:0 ;
in:138 out:140 type:b dur:2 cpbdur:2 q:32.00 aq:25.45 tex:97 mv:400 misc:1567 imb:0 pmb:386 smb:16726 d:- ref:0 ;
in:140 out:141 type:b dur:2 cpbdur:2 q:31.88 aq:33.00 tex:0 mv:0 misc:720 imb:0 pmb:0 smb:17112 d:- ref:0 ;
in:145 out:142 type:P dur:4 cpbdur:4 q:29.05 aq:17.68 tex:32487 mv:5706 misc:3799 imb:1436 pmb:811 smb:14865 d:- ref:0 ;
in:143 out:143 type:B dur:2 cpbdur:2 q:30.43 aq:31.45 tex:623 mv:905 misc:1560 imb:86 pmb:336 smb:16690 d:- ref:0 ;
in:142 out:144 type:b dur:2 cpbdur:2 q:31.12 aq:20.42 tex:72 mv:175 misc:1545 imb:1 pmb:361 smb:16750 d:- ref:0 ;
in:144 out:145 type:b dur:4 cpbdur:4 q:29.74 aq:30.00 tex:0 mv:0 misc:720 imb:0 pmb:0 smb:17112 d:- ref:0 ;
in:149 out:146 type:P dur:2 cpbdur:2 q:31.20 aq:14.11 tex:17115 mv:6540 misc:4065 imb:1719 pmb:715 smb:14678 d:- ref:0 ;
in:147 out:147 type:B dur:2 cpbdur:2 q:30.13 aq:28.15 tex:386 mv:1107 misc:1547 imb:135 pmb:294 smb:16683 d:- ref:0 ;
in:146 out:148 type:b dur:2 cpbdur:2 q:29.59 aq:28.30 tex:290 mv:1105 misc:1549 imb:130 pmb:300 smb:16682 d:- ref:0 ;
in:148 out:149 type:b dur:2 cpbdur:2 q:30.66 aq:31.00 tex:0 mv:0 misc:720 imb:0 pmb:0 smb:17112 d:- ref:0 ;
in:153 out:150 type:P dur:2 cpbdur:2 q:31.10 aq:18.04 tex:4096 mv:471 misc:1169 imb:106 pmb:48 smb:16958 d:- ref:0 ;
in:151 out:151 type:B dur:52 cpbdur:52 q:31.15 aq:22.16 tex:55 mv:270 misc:891 imb:17 pmb:58 smb:17037 d:- ref:0 ;
in:150 out:152 type:b dur:2 cpbdur:2 q:31.17 aq:21.17 tex:30 mv:163 misc:903 imb:2 pmb:26 smb:17084 d:- ref:0 ;
in:152 out:153 type:b dur:2 cpbdur:2 q:31.12 aq:32.00 tex:1 mv:22 misc:745 imb:0 pmb:8 smb:17104 d:- ref:0 ;
in:157 out:154 type:P dur:2 cpbdur:2 q:29.73 aq:24.11 tex:6173 mv:260 misc:1463 imb:37 pmb:102 smb:16973 d:- ref:0 ;
in:155 out:155 type:B dur:2 cpbdur:2 q:30.41 aq:30.68 tex:1524 mv:72 misc:788 imb:1 pmb:19 smb:17092 d:- ref:0 ;
in:154 out:156 type:b dur:2 cpbdur:2 q:30.75 aq:31.87 tex:1418 mv:82 misc:764 imb:1 pmb:18 smb:17093 d:- ref:0 ;
in:156 out:157 type:b dur:2 cpbdur:2 q:30.07 aq:31.11 tex:1592 mv:76 misc:772 imb:2 pmb:17 smb:17093 d:- ref:0 ;
in:161 out:158 type:P dur:2 cpbdur:2 q:29.46 aq:20.44 tex:11508 mv:268 misc:1688 imb:17 pmb:184 smb:16911 d:- ref:0 ;
in:159 out:159 type:B dur:2 cpbdur:2 q:29.59 aq:28.10 tex:1697 mv:85 misc:794 imb:3 pmb:16 smb:17093 d:- ref:0 ;
in:158 out:160 type:b dur:2 cpbdur:2 q:29.66 aq:31.63 tex:1583 mv:78 misc:771 imb:2 pmb:17 smb:17093 d:- ref:0 ;
in:160 out:161 type:b dur:2 cpbdur:2 q:29.52 aq:32.34 tex:1635 mv:71 misc:758 imb:3 pmb:13 smb:17096 d:- ref:0 ;
in:165 out:162 type:P dur:2 cpbdur:2 q:29.10 aq:21.36 tex:34936 mv:584 misc:3320 imb:74 pmb:677 smb:16361 d:- ref:0 ;
in:163 out:163 type:B dur:2 cpbdur:2 q:29.28 aq:29.00 tex:0 mv:0 misc:736 imb:0 pmb:0 smb:17112 d:- ref:0 ;
in:162 out:164 type:b dur:2 cpbdur:2 q:29.37 aq:30.00 tex:0 mv:0 misc:720 imb:0 pmb:0 smb:17112 d:- ref:0 ;
in:164 out:165 type:b dur:2 cpbdur:2 q:29.19 aq:30.00 tex:0 mv:0 misc:720 imb:0 pmb:0 smb:17112 d:- ref:0 ;
in:169 out:166 type:P dur:2 cpbdur:2 q:27.85 aq:19.12 tex:54858 mv:1171 misc:4283 imb:115 pmb:989 smb:16008 d:- ref:0 ;
in:167 out:167 type:B dur:2 cpbdur:2 q:28.47 aq:28.00 tex:0 mv:0 misc:736 imb:0 pmb:0 smb:17112 d:- ref:0 ;
in:166 out:168 type:b dur:2 cpbdur:2 q:28.79 aq:29.00 tex:0 mv:0 misc:720 imb:0 pmb:0 smb:17112 d:- ref:0 ;
in:168 out:169 type:b dur:2 cpbdur:2 q:28.16 aq:29.00 tex:0 mv:0 misc:720 imb:0 pmb:0 smb:17112 d:- ref:0 ;
in:173 out:170 type:P dur:2 cpbdur:2 q:27.62 aq:18.10 tex:47106 mv:1536 misc:4102 imb:199 pmb:886 smb:16027 d:- ref:0 ;
in:171 out:171 type:B dur:2 cpbdur:2 q:27.74 aq:30.21 tex:223 mv:21 misc:788 imb:0 pmb:7 smb:17105 d:- ref:0 ;
in:170 out:172 type:b dur:2 cpbdur:2 q:27.80 aq:28.00 tex:0 mv:0 misc:720 imb:0 pmb:0 smb:17112 d:- ref:0 ;
in:172 out:173 type:b dur:2 cpbdur:2 q:27.68 aq:28.00 tex:0 mv:0 misc:720 imb:0 pmb:0 smb:17112 d:- ref:0 ;
in:177 out:174 type:P dur:2 cpbdur:2 q:27.51 aq:18.44 tex:21263 mv:350 misc:2603 imb:16 pmb:400 smb:16696 d:- ref:0 ;
in:175 out:175 type:B dur:2 cpbdur:2 q:27.57 aq:27.51 tex:1658 mv:52 misc:802 imb:0 pmb:19 smb:17093 d:- ref:0 ;
in:174 out:176 type:b dur:4 cpbdur:4 q:27.59 aq:31.10 tex:1795 mv:57 misc:756 imb:2 pmb:11 smb:17099 d:- ref:0 ;
in:176 out:177 type:b dur:2 cpbdur:2 q:27.54 aq:19.90 tex:1898 mv:87 misc:767 imb:4 pmb:13 smb:17095 d:- ref:0 ;
in:181 out:178 type:P dur:2 cpbdur:2 q:27.35 aq:16.02 tex:22370 mv:595 misc:2827 imb:47 pmb:389 smb:16676 d:- ref:0 ;
in:179 out:179 type:B dur:2 cpbdur:2 q:27.43 aq:24.99 tex:1882 mv:81 misc:805 imb:2 pmb:19 smb:17091 d:- ref:0 ;
in:178 out:180 type:b dur:2 cpbdur:2 q:27.47 aq:25.66 tex:1884 mv:76 misc:776 imb:2 pmb:16 smb:17094 d:- ref:0 ;
in:180 out:181 type:b dur:2 cpbdur:2 q:27.39 aq:25.01 tex:1822 mv:76 misc:758 imb:2 pmb:16 smb:17094 d:- ref:0 ;
in:185 out:182 type:P dur:2 cpbdur:2 q:27.27 aq:18.31 tex:15735 mv:297 misc:2416 imb:15 pmb:317 smb:16780 d:- ref:0 ;
in:183 out:183 type:B dur:2 cpbdur:2 q:27.31 aq:23.09 tex:128 mv:61 misc:763 imb:6 pmb:2 smb:17104 d:- ref:0 ;
in:182 out:184 type:b dur:2 cpbdur:2 q:27.33 aq:15.00 tex:41 mv:41 misc:750 imb:1 pmb:11 smb:17100 d:- ref:0 ;
in:184 out:185 type:b dur:2 cpbdur:2 q:27.29 aq:15.00 tex:37 mv:17 misc:746 imb:0 pmb:6 smb:17106 d:- ref:0 ;
in:189 out:186 type:P dur:2 cpbdur:2 q:27.13 aq:14.31 tex:15826 mv:1154 misc:2532 imb:118 pmb:308 smb:16686 d:- ref:0 ;
in:187 out:187 type:B dur:2 cpbdur:2 q:27.20 aq:20.91 tex:89 mv:109 misc:922 imb:1 pmb:64 smb:17047 d:- ref:0 ;
in:186 out:188 type:b dur:2 cpbdur:2 q:27.23 aq:28.00 tex:0 mv:0 misc:720 imb:0 pmb:0 smb:17112 d:- ref:0 ;
in:188 out:189 type:b dur:2 cpbdur:2 q:27.16 aq:28.00 tex:0 mv:0 misc:720 imb:0 pmb:0 smb:17112 d:- ref:0 ;
in:193 out:190 type:P dur:2 cpbdur:2 q:26.93 aq:15.75 tex:15115 mv:1015 misc:2590 imb:179 pmb:317 smb:16616 d:- ref:0 ;
in:191 out:191 type:B dur:2 cpbdur:2 q:27.03 aq:25.70 tex:58 mv:11 misc:763 imb:0 pmb:3 smb:17109 d:- ref:0 ;
in:190 out:192 type:b dur:2 cpbdur:2 q:27.08 aq:20.50 tex:26 mv:4 misc:730 imb:0 pmb:1 smb:17111 d:- ref:0 ;
in:192 out:193 type:b dur:2 cpbdur:2 q:26.98 aq:28.00 tex:0 mv:0 misc:720 imb:0 pmb:0 smb:17112 d:- ref:0 ;
in:197 out:194 type:P dur:2 cpbdur:2 q:26.73 aq:7.54 tex:11728 mv:1557 misc:2859 imb:395 pmb:273 smb:16444 d:- ref:0 ;
in:195 out:195 type:B dur:2 cpbdur:2 q:26.83 aq:25.00 tex:0 mv:6 misc:754 imb:0 pmb:2 smb:17110 d:- ref:0 ;
in:194 out:196 type:b dur:2 cpbdur:2 q:26.88 aq:28.00 tex:0 mv:0 misc:720 imb:0 pmb:0 smb:17112 d:- ref:0 ;
in:196 out:197 type:b dur:4 cpbdur:4 q:26.78 aq:27.00 tex:0 mv:0 misc:720 imb:0 pmb:0 smb:17112 d:- ref:0 ;
in:201 out:198 type:P dur:8 cpbdur:8 q:21.70 aq:14.60 tex:71331 mv:3514 misc:5747 imb:600 pmb:1207 smb:15305 d:- ref:0 ;
in:199 out:199 type:B dur:4 cpbdur:4 q:24.22 aq:21.68 tex:19 mv:18 misc:763 imb:0 pmb:4 smb:17108 d:- ref:0 ;
in:198 out:200 type:b dur:2 cpbdur:2 q:25.47 aq:26.00 tex:0 mv:0 misc:720 imb:0 pmb:0 smb:17112 d:- ref:0 ;
in:200 out:201 type:b dur:2 cpbdur:2 q:22.96 aq:20.91 tex:21 mv:11 misc:744 imb:0 pmb:3 smb:17109 d:- ref:0 ;
in:205 out:202 type:P dur:2 cpbdur:2 q:25.70 aq:15.87 tex:7656 mv:207 misc:1257 imb:13 pmb:98 smb:17001 d:- ref:0 ;
in:203 out:203 type:B dur:2 cpbdur:2 q:23.70 aq:16.05 tex:2928 mv:525 misc:1179 imb:45 pmb:71 smb:16996 d:- ref:0 ;
in:202 out:204 type:b dur:30 cpbdur:30 q:22.70 aq:20.68 tex:20 mv:32 misc:764 imb:0 pmb:10 smb:17102 d:- ref:0 ;
in:204 out:205 type:b dur:2 cpbdur:2 q:24.70 aq:28.04 tex:2015 mv:69 misc:756 imb:2 pmb:15 smb:17095 d:- ref:0 ;
in:209 out:206 type:P dur:2 cpbdur:2 q:25.42 aq:15.28 tex:4981 mv:214 misc:1125 imb:18 pmb:55 smb:17039 d:- ref:0 ;
in:207 out:207 type:B dur:2 cpbdur:2 q:25.56 aq:25.04 tex:1722 mv:128 misc:822 imb:8 pmb:15 smb:17089 d:- ref:0 ;
in:206 out:208 type:b dur:2 cpbdur:2 q:25.63 aq:29.71 tex:2216 mv:148 misc:788 imb:7 pmb:15 smb:17090 d:- ref:0 ;
in:208 out:209 type:b dur:2 cpbdur:2 q:25.49 aq:28.73 tex:1477 mv:64 misc:771 imb:2 pmb:14 smb:17096 d:- ref:0 ;
in:213 out:210 type:P dur:2 cpbdur:2 q:25.15 aq:10.68 tex:6365 mv:231 misc:1196 imb:20 pmb:69 smb:17023 d:- ref:0 ;
in:211 out:211 type:B dur:2 cpbdur:2 q:25.28 aq:25.79 tex:97 mv:96 misc:791 imb:5 pmb:14 smb:17093 d:- ref:0 ;
in:210 out:212 type:b dur:2 cpbdur:2 q:25.35 aq:18.89 tex:26 mv:34 misc:748 imb:1 pmb:11 smb:17100 d:- ref:0 ;
in:212 out:213 type:b dur:2 cpbdur:2 q:25.22 aq:26.00 tex:0 mv:0 misc:720 imb:0 pmb:0 smb:17112 d:- ref:0 ;
in:217 out:214 type:P dur:4 cpbdur:4 q:22.49 aq:16.23 tex:20612 mv:355 misc:2177 imb:23 pmb:331 smb:16758 d:- ref:0 ;
in:215 out:215 type:B dur:2 cpbdur:2 q:23.82 aq:23.00 tex:0 mv:0 misc:736 imb:0 pmb:0 smb:17112 d:- ref:0 ;
in:214 out:216 type:b dur:2 cpbdur:2 q:24.48 aq:25.00 tex:0 mv:0 misc:720 imb:0 pmb:0 smb:17112 d:- ref:0 ;
in:216 out:217 type:b dur:2 cpbdur:2 q:23.15 aq:24.00 tex:53 mv:60 misc:743 imb:5 pmb:2 smb:17105 d:- ref:0 ;
in:221 out:218 type:P dur:2 cpbdur:2 q:24.56 aq:13.59 tex:4063 mv:208 misc:1249 imb:12 pmb:85 smb:17015 d:- ref:0 ;
in:219 out:219 type:B dur:2 cpbdur:2 q:23.52 aq:13.11 tex:28 mv:27 misc:753 imb:1 pmb:5 smb:17106 d:- ref:0 ;
in:218 out:220 type:b dur:2 cpbdur:2 q:23.00 aq:24.00 tex:0 mv:0 misc:720 imb:0 pmb:0 smb:17112 d:- ref:0 ;
in:220 out:221 type:b dur:2 cpbdur:2 q:24.04 aq:25.00 tex:5 mv:18 misc:737 imb:0 pmb:6 smb:17106 d:- ref:0 ;
in:224 out:222 type:P dur:2 cpbdur:2 q:23.80 aq:12.24 tex:56233 mv:6900 misc:4459 imb:1673 pmb:604 smb:14835 d:- ref:0 ;
in:222 out:223 type:B dur:6 cpbdur:6 q:24.30 aq:10.49 tex:142 mv:495 misc:2003 imb:7 pmb:730 smb:16375 d:- ref:0 ;
in:223 out:224 type:b dur:2 cpbdur:2 q:24.05 aq:13.16 tex:4612 mv:5393 misc:2899 imb:429 pmb:1062 smb:15621 d:- ref:0 ;
in:225 out:225 type:P dur:2 cpbdur:2 q:23.87 aq:13.71 tex:34256 mv:4317 misc:3235 imb:848 pmb:438 smb:15826 d:- ref:0 ;
in:226 out:226 type:P dur:2 cpbdur:2 q:24.19 aq:14.10 tex:414644 mv:11239 misc:2573 imb:4215 pmb:473 smb:12424 d:- ref:0 ;
in:229 out:227 type:P dur:2 cpbdur:2 q:24.53 aq:15.17 tex:344414 mv:12157 misc:3253 imb:4983 pmb:626 smb:11503 d:- ref:0 ;
in:227 out:228 type:B dur:2 cpbdur:2 q:24.30 aq:19.26 tex:359360 mv:22167 misc:3097 imb:2524 pmb:1244 smb:13344 d:- ref:0 ;
in:228 out:229 type:b dur:2 cpbdur:2 q:24.42 aq:17.39 tex:339158 mv:19814 misc:3532 imb:2303 pmb:1135 smb:13674 d:- ref:0 ;
in:230 out:230 type:P dur:2 cpbdur:2 q:25.21 aq:16.52 tex:294306 mv:10534 misc:2704 imb:4813 pmb:385 smb:11914 d:- ref:0 ;
in:231 out:231 type:P dur:2 cpbdur:2 q:25.44 aq:15.41 tex:271428 mv:10565 misc:2423 imb:5437 pmb:302 smb:11373 d:- ref:0 ;
in:232 out:232 type:P dur:2 cpbdur:2 q:25.69 aq:15.67 tex:296087 mv:11014 misc:2371 imb:5437 pmb:289 smb:11386 d:- ref:0 ;
in:233 out:233 type:P dur:2 cpbdur:2 q:25.92 aq:16.52 tex:278951 mv:9707 misc:2470 imb:5097 pmb:321 smb:11694 d:- ref:0 ;
in:234 out:234 type:P dur:2 cpbdur:2 q:26.13 aq:16.79 tex:314427 mv:10422 misc:2215 imb:5147 pmb:359 smb:11606 d:- ref:0 ;
in:235 out:235 type:P dur:2 cpbdur:2 q:26.36 aq:17.63 tex:333796 mv:11105 misc:2155 imb:5018 pmb:397 smb:11697 d:- ref:0 ;
in:236 out:236 type:P dur:2 cpbdur:2 q:26.60 aq:16.09 tex:310351 mv:11085 misc:2316 imb:5551 pmb:296 smb:11265 d:- ref:0 ;
in:237 out:237 type:P dur:2 cpbdur:2 q:26.76 aq:16.64 tex:311070 mv:10965 misc:2581 imb:4351 pmb:372 smb:12389 d:- ref:0 ;
in:238 out:238 type:P dur:2 cpbdur:2 q:26.85 aq:17.04 tex:263786 mv:10682 misc:2172 imb:5454 pmb:394 smb:11264 d:- ref:0 ;
in:239 out:239 type:P dur:2 cpbdur:2 q:26.94 aq:15.56 tex:316800 mv:10786 misc:2366 imb:5621 pmb:300 smb:11191 d:- ref:0 ;
in:240 out:240 type:P dur:2 cpbdur:2 q:26.92 aq:16.57 tex:349252 mv:10768 misc:2812 imb:3965 pmb:339 smb:12808 d:- ref:0 ;
in:242 out:241 type:P dur:2 cpbdur:2 q:27.66 aq:14.90 tex:336218 mv:11602 misc:2020 imb:5360 pmb:376 smb:11376 d:- ref:0 ;
in:241 out:242 type:b dur:4 cpbdur:4 q:27.29 aq:20.81 tex:300438 mv:17979 misc:3311 imb:1810 pmb:1137 smb:14165 d:- ref:0 ;
in:244 out:243 type:P dur:2 cpbdur:2 q:28.87 aq:18.03 tex:282423 mv:10516 misc:2341 imb:4067 pmb:403 smb:12642 d:- ref:0 ;
in:243 out:244 type:b dur:2 cpbdur:2 q:28.27 aq:24.88 tex:125826 mv:11463 misc:3279 imb:634 pmb:1241 smb:15237 d:- ref:0 ;
in:245 out:245 type:P dur:2 cpbdur:2 q:29.93 aq:21.37 tex:293257 mv:10646 misc:2105 imb:3922 pmb:360 smb:12830 d:- ref:0 ;
in:246 out:246 type:P dur:2 cpbdur:2 q:30.38 aq:19.09 tex:270938 mv:11069 misc:2025 imb:4391 pmb:441 smb:12280 d:- ref:0 ;
in:247 out:247 type:P dur:2 cpbdur:2 q:30.74 aq:21.18 tex:246054 mv:10786 misc:2056 imb:3094 pmb:430 smb:13588 d:- ref:0 ;
in:249 out:248 type:P dur:2 cpbdur:2 q:31.08 aq:22.85 tex:248772 mv:9270 misc:2246 imb:2952 pmb:360 smb:13800 d:- ref:0 ;
in:248 out:249 type:b dur:2 cpbdur:2 q:30.91 aq:27.53 tex:30020 mv:7369 misc:3515 imb:468 pmb:1273 smb:15371 d:- ref:0 ;
in:250 out:250 type:I dur:2 cpbdur:2 q:24.14 aq:9.61 tex:957180 mv:87816 misc:684 imb:17112 pmb:0 smb:0 d:- ref:;
in:251 out:251 type:P dur:2 cpbdur:2 q:34.64 aq:22.98 tex:20834 mv:3072 misc:2198 imb:498 pmb:264 smb:16350 d:- ref:0 ;
in:252 out:252 type:P dur:2 cpbdur:2 q:34.94 aq:16.17 tex:43524 mv:3740 misc:2368 imb:670 pmb:281 smb:16161 d:- ref:0 ;
in:254 out:253 type:P dur:2 cpbdur:2 q:35.21 aq:21.16 tex:3737 mv:4139 misc:2420 imb:521 pmb:407 smb:16184 d:- ref:0 ;
in:253 out:254 type:b dur:6 cpbdur:6 q:35.08 aq:24.66 tex:2525 mv:5835 misc:2376 imb:409 pmb:632 smb:16071 d:- ref:0 ;
in:258 out:255 type:P dur:2 cpbdur:2 q:35.71 aq:24.99 tex:172717 mv:11419 misc:2040 imb:4897 pmb:305 smb:11910 d:- ref:0 ;
in:256 out:256 type:B dur:2 cpbdur:2 q:35.46 aq:29.23 tex:46110 mv:8054 misc:2804 imb:747 pmb:1079 smb:15286 d:- ref:0 ;
in:255 out:257 type:b dur:2 cpbdur:2 q:35.33 aq:26.64 tex:34921 mv:7152 misc:3015 imb:440 pmb:1099 smb:15573 d:- ref:0 ;
in:257 out:258 type:b dur:2 cpbdur:2 q:35.59 aq:29.97 tex:16045 mv:6423 misc:2836 imb:508 pmb:923 smb:15681 d:- ref:0 ;
in:262 out:259 type:P dur:2 cpbdur:2 q:36.61 aq:24.39 tex:154887 mv:9932 misc:2453 imb:5000 pmb:261 smb:11851 d:- ref:0 ;
in:260 out:260 type:B dur:2 cpbdur:2 q:36.16 aq:30.51 tex:73140 mv:11895 misc:3381 imb:1177 pmb:1364 smb:14571 d:- ref:0 ;
in:259 out:261 type:b dur:2 cpbdur:2 q:35.94 aq:31.22 tex:68077 mv:9459 misc:3144 imb:799 pmb:1150 smb:15163 d:- ref:0 ;
in:261 out:262 type:b dur:2 cpbdur:2 q:36.39 aq:30.51 tex:50427 mv:8564 misc:3457 imb:460 pmb:1450 smb:15202 d:- ref:0 ;
in:266 out:263 type:P dur:2 cpbdur:2 q:37.73 aq:27.09 tex:109547 mv:9702 misc:2311 imb:4927 pmb:281 smb:11904 d:- ref:0 ;
in:264 out:264 type:B dur:2 cpbdur:2 q:37.17 aq:28.71 tex:110966 mv:17979 misc:3511 imb:2422 pmb:1243 smb:13447 d:- ref:0 ;
in:263 out:265 type:b dur:2 cpbdur:2 q:36.89 aq:32.72 tex:130194 mv:16584 misc:3470 imb:1693 pmb:1234 smb:14185 d:- ref:0 ;
in:265 out:266 type:b dur:2 cpbdur:2 q:37.45 aq:30.96 tex:86252 mv:16457 misc:3459 imb:1858 pmb:1305 smb:13949 d:- ref:0 ;
in:270 out:267 type:P dur:2 cpbdur:2 q:36.68 aq:25.24 tex:138411 mv:10795 misc:2338 imb:4869 pmb:283 smb:11960 d:- ref:0 ;
in:268 out:268 type:B dur:2 cpbdur:2 q:37.21 aq:29.80 tex:116698 mv:18003 misc:3211 imb:2348 pmb:1044 smb:13720 d:- ref:0 ;
in:267 out:269 type:b dur:2 cpbdur:2 q:37.47 aq:31.55 tex:96274 mv:16083 misc:3515 imb:1709 pmb:1215 smb:14188 d:- ref:0 ;
in:269 out:270 type:b dur:2 cpbdur:2 q:36.94 aq:30.96 tex:50786 mv:9073 misc:3565 imb:580 pmb:1395 smb:15137 d:- ref:0 ;
in:274 out:271 type:P dur:2 cpbdur:2 q:36.97 aq:25.10 tex:138635 mv:10615 misc:2342 imb:4424 pmb:327 smb:12361 d:- ref:0 ;
in:272 out:272 type:B dur:2 cpbdur:2 q:36.82 aq:30.46 tex:54625 mv:9290 misc:3677 imb:553 pmb:1566 smb:14993 d:- ref:0 ;
in:271 out:273 type:b dur:2 cpbdur:2 q:36.75 aq:31.06 tex:24829 mv:5813 misc:2926 imb:321 pmb:1034 smb:15757 d:- ref:0 ;
in:273 out:274 type:b dur:2 cpbdur:2 q:36.89 aq:31.39 tex:10182 mv:5921 misc:3281 imb:245 pmb:1118 smb:15749 d:- ref:0 ;
in:275 out:275 type:P dur:2 cpbdur:2 q:37.31 aq:28.03 tex:13707 mv:3260 misc:2537 imb:882 pmb:146 smb:16084 d:- ref:0 ;
in:277 out:276 type:P dur:2 cpbdur:2 q:37.42 aq:25.40 tex:65342 mv:6174 misc:2620 imb:2497 pmb:211 smb:14404 d:- ref:0 ;
in:276 out:277 type:b dur:2 cpbdur:2 q:37.37 aq:27.78 tex:1302 mv:3746 misc:2472 imb:166 pmb:835 smb:16111 d:- ref:0 ;
in:278 out:278 type:P dur:2 cpbdur:2 q:37.67 aq:28.38 tex:23113 mv:3966 misc:2793 imb:865 pmb:314 smb:15933 d:- ref:0 ;
in:279 out:279 type:P dur:4 cpbdur:4 q:35.52 aq:23.04 tex:20991 mv:4401 misc:2800 imb:1046 pmb:334 smb:15732 d:- ref:0 ;
in:280 out:280 type:P dur:2 cpbdur:2 q:38.17 aq:26.64 tex:28605 mv:4543 misc:2772 imb:1488 pmb:299 smb:15325 d:- ref:0 ;
in:281 out:281 type:P dur:2 cpbdur:2 q:38.38 aq:29.09 tex:12930 mv:3950 misc:2784 imb:1122 pmb:288 smb:15702 d:- ref:0 ;
in:282 out:282 type:P dur:2 cpbdur:2 q:38.57 aq:25.83 tex:12400 mv:3636 misc:2380 imb:862 pmb:255 smb:15995 d:- ref:0 ;
in:283 out:283 type:P dur:2 cpbdur:2 q:38.78 aq:21.18 tex:5330 mv:2973 misc:2385 imb:758 pmb:173 smb:16181 d:- ref:0 ;
in:284 out:284 type:P dur:2 cpbdur:2 q:38.88 aq:24.95 tex:3639 mv:2969 misc:2448 imb:796 pmb:166 smb:16150 d:- ref:0 ;
in:285 out:285 type:P dur:2 cpbdur:2 q:38.95 aq:20.95 tex:4063 mv:3361 misc:2720 imb:994 pmb:175 smb:15943 d:- ref:0 ;
in:287 out:286 type:P dur:2 cpbdur:2 q:39.12 aq:24.24 tex:4250 mv:2251 misc:2203 imb:718 pmb:142 smb:16252 d:- ref:0 ;
in:286 out:287 type:b dur:8 cpbdur:8 q:39.03 aq:28.15 tex:788 mv:4737 misc:2427 imb:388 pmb:712 smb:16012 d:- ref:0 ;
in:290 out:288 type:P dur:2 cpbdur:2 q:39.16 aq:27.80 tex:109857 mv:9760 misc:2055 imb:4843 pmb:270 smb:11999 d:- ref:0 ;
in:288 out:289 type:B dur:4 cpbdur:4 q:39.13 aq:27.20 tex:4438 mv:4182 misc:3492 imb:145 pmb:1519 smb:15448 d:- ref:0 ;
in:289 out:290 type:b dur:2 cpbdur:2 q:39.14 aq:30.63 tex:9350 mv:6470 misc:3532 imb:377 pmb:1323 smb:15412 d:- ref:0 ;
in:291 out:291 type:P dur:2 cpbdur:2 q:39.18 aq:26.62 tex:4517 mv:3841 misc:2738 imb:1169 pmb:176 smb:15767 d:- ref:0 ;
in:292 out:292 type:P dur:2 cpbdur:2 q:39.14 aq:26.35 tex:7921 mv:3377 misc:2286 imb:861 pmb:190 smb:16061 d:- ref:0 ;
in:293 out:293 type:P dur:2 cpbdur:2 q:39.10 aq:24.27 tex:15389 mv:3063 misc:2196 imb:903 pmb:214 smb:15995 d:- ref:0 ;
in:294 out:294 type:P dur:2 cpbdur:2 q:39.05 aq:27.61 tex:13330 mv:2903 misc:2303 imb:545 pmb:296 smb:16271 d:- ref:0 ;
in:295 out:295 type:P dur:2 cpbdur:2 q:39.03 aq:26.62 tex:7744 mv:3320 misc:2736 imb:957 pmb:213 smb:15942 d:- ref:0 ;
in:296 out:296 type:P dur:2 cpbdur:2 q:39.01 aq:28.22 tex:13979 mv:2863 misc:2566 imb:849 pmb:202 smb:16061 d:- ref:0 ;
in:297 out:297 type:P dur:2 cpbdur:2 q:38.98 aq:25.12 tex:13140 mv:3047 misc:2525 imb:829 pmb:169 smb:16114 d:- ref:0 ;
in:298 out:298 type:P dur:2 cpbdur:2 q:38.95 aq:27.61 tex:5185 mv:2902 misc:2689 imb:922 pmb:231 smb:15959 d:- ref:0 ;
in:299 out:299 type:P dur:2 cpbdur:2 q:38.91 aq:26.44 tex:7466 mv:2338 misc:2300 imb:637 pmb:126 smb:16349 d:- ref:0 ;
in:300 out:300 type:P dur:2 cpbdur:2 q:38.86 aq:23.38 tex:13794 mv:2789 misc:2433 imb:712 pmb:171 smb:16229 d:- ref:0 ;
in:301 out:301 type:P dur:2 cpbdur:2 q:38.83 aq:26.92 tex:15371 mv:2926 misc:2343 imb:606 pmb:182 smb:16324 d:- ref:0 ;
in:302 out:302 type:P dur:2 cpbdur:2 q:38.73 aq:23.38 tex:17744 mv:3686 misc:2602 imb:1007 pmb:239 smb:15866 d:- ref:0 ;
in:303 out:303 type:P dur:2 cpbdur:2 q:38.89 aq:23.73 tex:10659 mv:2812 misc:2497 imb:591 pmb:213 smb:16308 d:- ref:0 ;
in:304 out:304 type:P dur:2 cpbdur:2 q:38.85 aq:26.30 tex:14897 mv:3187 misc:2828 imb:980 pmb:280 smb:15852 d:- ref:0 ;
in:305 out:305 type:P dur:2 cpbdur:2 q:38.85 aq:26.26 tex:13268 mv:3317 misc:2495 imb:757 pmb:282 smb:16073 d:- ref:0 ;
in:306 out:306 type:P dur:2 cpbdur:2 q:38.85 aq:30.68 tex:8634 mv:2708 misc:2562 imb:641 pmb:244 smb:16227 d:- ref:0 ;
in:307 out:307 type:P dur:2 cpbdur:2 q:38.84 aq:27.70 tex:11034 mv:2585 misc:2357 imb:698 pmb:200 smb:16214 d:- ref:0 ;
in:308 out:308 type:P dur:2 cpbdur:2 q:38.82 aq:21.35 tex:15735 mv:2938 misc:2199 imb:642 pmb:215 smb:16255 d:- ref:0 ;
in:309 out:309 type:P dur:2 cpbdur:2 q:38.81 aq:21.42 tex:10963 mv:3372 misc:2337 imb:713 pmb:255 smb:16144 d:- ref:0 ;
in:310 out:310 type:P dur:4 cpbdur:4 q:36.39 aq:23.21 tex:4033 mv:3057 misc:2622 imb:682 pmb:217 smb:16213 d:- ref:0 ;
in:312 out:311 type:P dur:2 cpbdur:2 q:38.76 aq:19.08 tex:20659 mv:2820 misc:2025 imb:698 pmb:139 smb:16275 d:- ref:0 ;
in:311 out:312 type:b dur:2 cpbdur:2 q:37.57 aq:28.92 tex:4677 mv:2709 misc:1758 imb:151 pmb:428 smb:16533 d:- ref:0 ;
in:313 out:313 type:P dur:2 cpbdur:2 q:38.75 aq:21.67 tex:3551 mv:3854 misc:2515 imb:967 pmb:308 smb:15837 d:- ref:0 ;
in:314 out:314 type:P dur:2 cpbdur:2 q:38.73 aq:22.61 tex:6339 mv:3048 misc:2389 imb:480 pmb:333 smb:16299 d:- ref:0 ;
in:315 out:315 type:P dur:2 cpbdur:2 q:38.72 aq:24.64 tex:7468 mv:3578 misc:2482 imb:743 pmb:342 smb:16027 d:- ref:0 ;
in:316 out:316 type:P dur:10 cpbdur:10 q:34.72 aq:19.47 tex:7400 mv:3269 misc:2475 imb:663 pmb:341 smb:16108 d:- ref:0 ;
in:317 out:317 type:P dur:2 cpbdur:2 q:38.61 aq:24.83 tex:2396 mv:3167 misc:2317 imb:310 pmb:449 smb:16353 d:- ref:0 ;
in:318 out:318 type:P dur:2 cpbdur:2 q:38.57 aq:18.09 tex:2970 mv:2460 misc:2370 imb:652 pmb:177 smb:16283 d:- ref:0 ;
in:319 out:319 type:P dur:2 cpbdur:2 q:38.54 aq:25.88 tex:5338 mv:2880 misc:2158 imb:572 pmb:189 smb:16351 d:- ref:0 ;
in:320 out:320 type:P dur:2 cpbdur:2 q:38.52 aq:23.95 tex:13294 mv:3624 misc:2850 imb:1129 pmb:245 smb:15738 d:- ref:0 ;
in:321 out:321 type:P dur:2 cpbdur:2 q:38.51 aq:24.99 tex:26764 mv:3136 misc:2596 imb:817 pmb:307 smb:15988 d:- ref:0 ;
in:322 out:322 type:P dur:2 cpbdur:2 q:38.51 aq:23.01 tex:35086 mv:3946 misc:2752 imb:795 pmb:338 smb:15979 d:- ref:0 ;
in:324 out:323 type:P dur:2 cpbdur:2 q:38.52 aq:24.78 tex:40122 mv:3684 misc:3186 imb:889 pmb:476 smb:15747 d:- ref:0 ;
in:323 out:324 type:b dur:2 cpbdur:2 q:38.52 aq:32.74 tex:1545 mv:3859 misc:2332 imb:230 pmb:796 smb:16086 d:- ref:0 ;
in:325 out:325 type:P dur:2 cpbdur:2 q:38.51 aq:24.34 tex:17552 mv:4925 misc:3227 imb:794 pmb:551 smb:15767 d:- ref:0 ;
in:326 out:326 type:P dur:2 cpbdur:2 q:38.50 aq:22.47 tex:11025 mv:4146 misc:2941 imb:600 pmb:455 smb:16057 d:- ref:0 ;
in:330 out:327 type:P dur:2 cpbdur:2 q:38.48 aq:22.34 tex:3575 mv:3844 misc:2525 imb:719 pmb:308 smb:16085 d:- ref:0 ;
in:328 out:328 type:B dur:66 cpbdur:66 q:38.49 aq:24.48 tex:454 mv:527 misc:2283 imb:26 pmb:734 smb:16352 d:- ref:0 ;
in:327 out:329 type:b dur:2 cpbdur:2 q:38.50 aq:26.62 tex:554 mv:3563 misc:2187 imb:11 pmb:1081 smb:16020 d:- ref:0 ;
in:329 out:330 type:b dur:2 cpbdur:2 q:38.49 aq:32.23 tex:25 mv:28 misc:747 imb:1 pmb:7 smb:17104 d:- ref:0 ;
in:334 out:331 type:P dur:2 cpbdur:2 q:37.65 aq:31.58 tex:344 mv:68 misc:788 imb:7 pmb:4 smb:17101 d:- ref:0 ;
in:332 out:332 type:B dur:2 cpbdur:2 q:38.06 aq:37.00 tex:0 mv:0 misc:744 imb:0 pmb:0 smb:17112 d:- ref:0 ;
in:331 out:333 type:b dur:4 cpbdur:4 q:38.27 aq:39.00 tex:0 mv:0 misc:728 imb:0 pmb:0 smb:17112 d:- ref:0 ;
in:333 out:334 type:b dur:2 cpbdur:2 q:37.85 aq:39.00 tex:0 mv:0 misc:728 imb:0 pmb:0 smb:17112 d:- ref:0 ;
in:337 out:335 type:P dur:4 cpbdur:4 q:35.09 aq:16.48 tex:1110 mv:3411 misc:2439 imb:568 pmb:353 smb:16191 d:- ref:0 ;
in:335 out:336 type:B dur:2 cpbdur:2 q:36.79 aq:20.78 tex:126 mv:433 misc:2057 imb:4 pmb:628 smb:16480 d:- ref:0 ;
in:336 out:337 type:b dur:4 cpbdur:4 q:35.94 aq:28.39 tex:143 mv:1423 misc:2138 imb:6 pmb:716 smb:16390 d:- ref:0 ;
in:338 out:338 type:P dur:2 cpbdur:2 q:37.46 aq:22.36 tex:19418 mv:2189 misc:1841 imb:742 pmb:94 smb:16276 d:- ref:0 ;
in:339 out:339 type:P dur:2 cpbdur:2 q:37.44 aq:21.21 tex:7585 mv:2011 misc:1956 imb:506 pmb:103 smb:16503 d:- ref:0 ;
in:340 out:340 type:P dur:2 cpbdur:2 q:37.45 aq:20.17 tex:11887 mv:2392 misc:1905 imb:628 pmb:108 smb:16376 d:- ref:0 ;
in:341 out:341 type:P dur:2 cpbdur:2 q:37.45 aq:21.81 tex:32361 mv:4039 misc:2296 imb:978 pmb:197 smb:15937 d:- ref:0 ;
in:342 out:342 type:P dur:2 cpbdur:2 q:37.45 aq:25.48 tex:24907 mv:3463 misc:2174 imb:940 pmb:181 smb:15991 d:- ref:0 ;
in:343 out:343 type:P dur:2 cpbdur:2 q:36.86 aq:24.22 tex:14412 mv:2809 misc:2411 imb:799 pmb:236 smb:16077 d:- ref:0 ;
in:344 out:344 type:P dur:2 cpbdur:2 q:36.86 aq:22.39 tex:8954 mv:3040 misc:2270 imb:855 pmb:260 smb:15997 d:- ref:0 ;
in:345 out:345 type:P dur:2 cpbdur:2 q:36.84 aq:20.40 tex:5714 mv:3648 misc:2718 imb:784 pmb:264 smb:16064 d:- ref:0 ;
in:346 out:346 type:P dur:2 cpbdur:2 q:36.82 aq:20.34 tex:4682 mv:3602 misc:2628 imb:644 pmb:292 smb:16176 d:- ref:0 ;
in:347 out:347 type:P dur:2 cpbdur:2 q:36.80 aq:23.53 tex:3222 mv:3634 misc:2592 imb:591 pmb:325 smb:16196 d:- ref:0 ;
in:348 out:348 type:P dur:2 cpbdur:2 q:36.75 aq:22.16 tex:5282 mv:3321 misc:2421 imb:656 pmb:234 smb:16222 d:- ref:0 ;
in:349 out:349 type:P dur:2 cpbdur:2 q:36.72 aq:19.39 tex:6074 mv:3678 misc:2520 imb:740 pmb:333 smb:16039 d:- ref:0 ;
in:351 out:350 type:P dur:2 cpbdur:2 q:36.69 aq:22.04 tex:11833 mv:2537 misc:2326 imb:726 pmb:167 smb:16219 d:- ref:0 ;
in:350 out:351 type:b dur:2 cpbdur:2 q:36.71 aq:26.62 tex:1681 mv:3761 misc:2358 imb:241 pmb:659 smb:16212 d:- ref:0 ;
in:352 out:352 type:P dur:2 cpbdur:2 q:36.65 aq:20.35 tex:7316 mv:3014 misc:2366 imb:709 pmb:226 smb:16177 d:- ref:0 ;
in:353 out:353 type:P dur:2 cpbdur:2 q:36.64 aq:21.80 tex:3827 mv:3018 misc:2347 imb:595 pmb:241 smb:16276 d:- ref:0 ;
in:354 out:354 type:P dur:2 cpbdur:2 q:36.61 aq:21.75 tex:10676 mv:3150 misc:2542 imb:733 pmb:211 smb:16168 d:- ref:0 ;
in:355 out:355 type:P dur:2 cpbdur:2 q:36.59 aq:17.23 tex:9602 mv:2790 misc:2312 imb:641 pmb:259 smb:16212 d:- ref:0 ;
in:356 out:356 type:P dur:2 cpbdur:2 q:36.60 aq:19.03 tex:4402 mv:3399 misc:2535 imb:596 pmb:273 smb:16243 d:- ref:0 ;
in:357 out:357 type:P dur:8 cpbdur:8 q:32.60 aq:19.20 tex:4653 mv:2792 misc:2483 imb:833 pmb:153 smb:16126 d:- ref:0 ;
in:361 out:358 type:P dur:2 cpbdur:2 q:36.51 aq:25.50 tex:187274 mv:10093 misc:2113 imb:4810 pmb:272 smb:12030 d:- ref:0 ;
in:359 out:359 type:B dur:2 cpbdur:2 q:34.56 aq:20.50 tex:2381 mv:5028 misc:2815 imb:411 pmb:987 smb:15714 d:- ref:0 ;
in:358 out:360 type:b dur:2 cpbdur:2 q:33.58 aq:27.45 tex:433 mv:3327 misc:2056 imb:166 pmb:529 smb:16417 d:- ref:0 ;
in:360 out:361 type:b dur:4 cpbdur:4 q:35.53 aq:25.73 tex:21332 mv:5341 misc:2927 imb:556 pmb:895 smb:15661 d:- ref:0 ;
in:362 out:362 type:P dur:2 cpbdur:2 q:36.51 aq:27.83 tex:47831 mv:5053 misc:2764 imb:996 pmb:369 smb:15747 d:- ref:0 ;
in:363 out:363 type:P dur:2 cpbdur:2 q:36.52 aq:27.12 tex:21067 mv:2568 misc:2309 imb:707 pmb:223 smb:16182 d:- ref:0 ;
in:365 out:364 type:P dur:2 cpbdur:2 q:36.51 aq:20.79 tex:10152 mv:2404 misc:2308 imb:537 pmb:149 smb:16426 d:- ref:0 ;
in:364 out:365 type:b dur:2 cpbdur:2 q:36.52 aq:27.84 tex:832 mv:3974 misc:2690 imb:200 pmb:685 smb:16227 d:- ref:0 ;
in:366 out:366 type:P dur:2 cpbdur:2 q:36.47 aq:21.12 tex:7398 mv:2170 misc:2256 imb:528 pmb:152 smb:16432 d:- ref:0 ;
in:368 out:367 type:P dur:2 cpbdur:2 q:36.45 aq:25.67 tex:35831 mv:3472 misc:2545 imb:825 pmb:273 smb:16014 d:- ref:0 ;
in:367 out:368 type:b dur:2 cpbdur:2 q:36.46 aq:23.96 tex:3317 mv:3650 misc:2353 imb:211 pmb:684 smb:16217 d:- ref:0 ;
in:369 out:369 type:P dur:2 cpbdur:2 q:36.45 aq:23.42 tex:11387 mv:2651 misc:2410 imb:608 pmb:209 smb:16295 d:- ref:0 ;
in:370 out:370 type:P dur:2 cpbdur:2 q:36.44 aq:23.41 tex:7102 mv:2854 misc:2508 imb:759 pmb:206 smb:16147 d:- ref:0 ;
in:371 out:371 type:P dur:2 cpbdur:2 q:36.43 aq:20.79 tex:14960 mv:2764 misc:2268 imb:525 pmb:225 smb:16362 d:- ref:0 ;
in:372 out:372 type:P dur:2 cpbdur:2 q:36.37 aq:22.73 tex:14818 mv:3042 misc:2644 imb:727 pmb:235 smb:16150 d:- ref:0 ;
in:373 out:373 type:P dur:2 cpbdur:2 q:36.60 aq:24.18 tex:30733 mv:2723 misc:2424 imb:461 pmb:392 smb:16259 d:- ref:0 ;
in:374 out:374 type:P dur:20 cpbdur:20 q:32.60 aq:24.00 tex:34411 mv:3352 misc:2733 imb:762 pmb:392 smb:15958 d:- ref:0 ;
in:375 out:375 type:P dur:4 cpbdur:4 q:34.09 aq:23.85 tex:26247 mv:4268 misc:2821 imb:571 pmb:644 smb:15897 d:- ref:0 ;
in:376 out:376 type:P dur:2 cpbdur:2 q:36.47 aq:20.38 tex:10771 mv:3836 misc:2729 imb:645 pmb:414 smb:16053 d:- ref:0 ;
in:378 out:377 type:P dur:2 cpbdur:2 q:36.50 aq:21.84 tex:11902 mv:4029 misc:2709 imb:552 pmb:420 smb:16140 d:- ref:0 ;
in:377 out:378 type:b dur:2 cpbdur:2 q:36.48 aq:28.36 tex:1038 mv:3634 misc:2008 imb:73 pmb:636 smb:16403 d:- ref:0 ;
in:380 out:379 type:P dur:6 cpbdur:6 q:32.67 aq:14.92 tex:4944 mv:3700 misc:2596 imb:508 pmb:436 smb:16168 d:- ref:0 ;
in:379 out:380 type:b dur:44 cpbdur:44 q:34.59 aq:24.83 tex:2102 mv:4711 misc:2339 imb:311 pmb:520 smb:16281 d:- ref:0 ;
in:381 out:381 type:P dur:2 cpbdur:2 q:35.96 aq:14.96 tex:4940 mv:3573 misc:2407 imb:425 pmb:413 smb:16274 d:- ref:0 ;
in:383 out:382 type:P dur:2 cpbdur:2 q:35.96 aq:15.11 tex:5720 mv:3066 misc:2238 imb:415 pmb:277 smb:16420 d:- ref:0 ;
in:382 out:383 type:b dur:2 cpbdur:2 q:35.96 aq:30.61 tex:1217 mv:2116 misc:1947 imb:6 pmb:546 smb:16560 d:- ref:0 ;
in:385 out:384 type:P dur:2 cpbdur:2 q:35.90 aq:18.46 tex:6422 mv:3303 misc:2243 imb:533 pmb:357 smb:16222 d:- ref:0 ;
in:384 out:385 type:b dur:2 cpbdur:2 q:35.93 aq:29.53 tex:967 mv:2700 misc:1885 imb:6 pmb:553 smb:16553 d:- ref:0 ;
in:388 out:386 type:P dur:2 cpbdur:2 q:35.83 aq:19.40 tex:5868 mv:3794 misc:2282 imb:408 pmb:392 smb:16312 d:- ref:0 ;
in:386 out:387 type:B dur:2 cpbdur:2 q:35.88 aq:27.24 tex:1570 mv:2738 misc:1932 imb:6 pmb:539 smb:16567 d:- ref:0 ;
in:387 out:388 type:b dur:2 cpbdur:2 q:35.85 aq:30.29 tex:1018 mv:3462 misc:1952 imb:134 pmb:527 smb:16451 d:- ref:0 ;
in:389 out:389 type:P dur:2 cpbdur:2 q:35.54 aq:25.94 tex:4053 mv:3183 misc:2180 imb:380 pmb:322 smb:16410 d:- ref:0 ;
in:390 out:390 type:P dur:2 cpbdur:2 q:35.51 aq:24.06 tex:3975 mv:3475 misc:2150 imb:514 pmb:321 smb:16277 d:- ref:0 ;
in:391 out:391 type:P dur:2 cpbdur:2 q:35.47 aq:21.68 tex:6810 mv:3576 misc:2126 imb:586 pmb:221 smb:16305 d:- ref:0 ;
in:392 out:392 type:P dur:2 cpbdur:2 q:35.45 aq:24.10 tex:27672 mv:2712 misc:1840 imb:601 pmb:154 smb:16357 d:- ref:0 ;
in:393 out:393 type:P dur:2 cpbdur:2 q:35.44 aq:21.74 tex:26877 mv:3841 misc:1938 imb:709 pmb:189 smb:16214 d:- ref:0 ;
in:394 out:394 type:P dur:2 cpbdur:2 q:35.41 aq:23.91 tex:7202 mv:3553 misc:2325 imb:669 pmb:210 smb:16233 d:- ref:0 ;
in:395 out:395 type:P dur:2 cpbdur:2 q:35.10 aq:24.33 tex:12462 mv:3734 misc:2308 imb:740 pmb:216 smb:16156 d:- ref:0 ;
in:396 out:396 type:P dur:2 cpbdur:2 q:35.10 aq:25.57 tex:200066 mv:8788 misc:2314 imb:3044 pmb:300 smb:13768 d:- ref:0 ;
in:397 out:397 type:P dur:2 cpbdur:2 q:35.12 aq:25.80 tex:8932 mv:5036 misc:2832 imb:1212 pmb:249 smb:15651 d:- ref:0 ;
in:398 out:398 type:P dur:4 cpbdur:4 q:32.72 aq:24.85 tex:26630 mv:3789 misc:2949 imb:756 pmb:346 smb:16010 d:- ref:0 ;
in:399 out:399 type:P dur:2 cpbdur:2 q:35.11 aq:26.54 tex:191658 mv:9954 misc:2396 imb:3610 pmb:321 smb:13181 d:- ref:0 ;
in:400 out:400 type:P dur:2 cpbdur:2 q:35.14 aq:24.58 tex:34172 mv:4927 misc:2821 imb:812 pmb:449 smb:15851 d:- ref:0 ;
in:402 out:401 type:P dur:2 cpbdur:2 q:35.17 aq:25.38 tex:208084 mv:9871 misc:2397 imb:4091 pmb:315 smb:12706 d:- ref:0 ;
in:401 out:402 type:b dur:2 cpbdur:2 q:35.15 aq:25.87 tex:12350 mv:7084 misc:3534 imb:274 pmb:1362 smb:15476 d:- ref:0 ;
in:403 out:403 type:P dur:2 cpbdur:2 q:35.18 aq:22.96 tex:17382 mv:4818 misc:2656 imb:918 pmb:304 smb:15890 d:- ref:0 ;
in:404 out:404 type:P dur:2 cpbdur:2 q:35.18 aq:24.82 tex:22391 mv:4985 misc:3072 imb:897 pmb:371 smb:15844 d:- ref:0 ;
in:405 out:405 type:P dur:2 cpbdur:2 q:35.19 aq:23.27 tex:31975 mv:4710 misc:2843 imb:738 pmb:436 smb:15938 d:- ref:0 ;
in:406 out:406 type:P dur:2 cpbdur:2 q:35.19 aq:22.43 tex:23547 mv:4696 misc:2861 imb:792 pmb:385 smb:15935 d:- ref:0 ;
in:407 out:407 type:P dur:2 cpbdur:2 q:35.21 aq:23.34 tex:34229 mv:5324 misc:2783 imb:920 pmb:482 smb:15710 d:- ref:0 ;
in:408 out:408 type:P dur:2 cpbdur:2 q:35.23 aq:22.54 tex:25718 mv:4865 misc:2697 imb:968 pmb:431 smb:15713 d:- ref:0 ;
in:409 out:409 type:P dur:2 cpbdur:2 q:35.21 aq:21.86 tex:14311 mv:4514 misc:2959 imb:928 pmb:367 smb:15817 d:- ref:0 ;
in:410 out:410 type:P dur:2 cpbdur:2 q:35.19 aq:23.73 tex:15925 mv:4561 misc:2986 imb:905 pmb:403 smb:15804 d:- ref:0 ;
in:411 out:411 type:P dur:2 cpbdur:2 q:35.41 aq:14.65 tex:10831 mv:3967 misc:2290 imb:746 pmb:306 smb:16060 d:- ref:0 ;
in:412 out:412 type:P dur:2 cpbdur:2 q:35.42 aq:19.12 tex:8841 mv:4586 misc:2565 imb:794 pmb:401 smb:15917 d:- ref:0 ;
in:413 out:413 type:P dur:2 cpbdur:2 q:35.41 aq:19.34 tex:10633 mv:4420 misc:2571 imb:829 pmb:407 smb:15876 d:- ref:0 ;
in:414 out:414 type:P dur:2 cpbdur:2 q:35.62 aq:21.95 tex:15406 mv:4784 misc:2826 imb:965 pmb:417 smb:15730 d:- ref:0 ;
in:415 out:415 type:P dur:4 cpbdur:4 q:33.25 aq:18.68 tex:23202 mv:5228 misc:3194 imb:1089 pmb:418 smb:15605 d:- ref:0 ;
in:416 out:416 type:P dur:2 cpbdur:2 q:35.88 aq:17.57 tex:31028 mv:4344 misc:2380 imb:749 pmb:286 smb:16077 d:- ref:0 ;
in:417 out:417 type:P dur:2 cpbdur:2 q:35.94 aq:18.13 tex:17191 mv:5356 misc:2989 imb:1079 pmb:432 smb:15601 d:- ref:0 ;
in:418 out:418 type:P dur:2 cpbdur:2 q:35.97 aq:16.96 tex:13396 mv:5416 misc:3300 imb:1220 pmb:477 smb:15415 d:- ref:0 ;
in:419 out:419 type:P dur:2 cpbdur:2 q:35.98 aq:19.69 tex:13130 mv:4471 misc:3199 imb:663 pmb:527 smb:15922 d:- ref:0 ;
in:423 out:420 type:P dur:2 cpbdur:2 q:36.00 aq:23.04 tex:19433 mv:5073 misc:2790 imb:668 pmb:438 smb:16006 d:- ref:0 ;
in:421 out:421 type:B dur:4 cpbdur:4 q:35.99 aq:17.47 tex:150 mv:929 misc:2113 imb:78 pmb:652 smb:16382 d:- ref:0 ;
in:420 out:422 type:b dur:74 cpbdur:74 q:35.99 aq:33.82 tex:139 mv:724 misc:2065 imb:78 pmb:627 smb:16407 d:- ref:0 ;
in:422 out:423 type:b dur:2 cpbdur:2 q:36.00 aq:37.00 tex:0 mv:0 misc:728 imb:0 pmb:0 smb:17112 d:- ref:0 ;
in:427 out:424 type:P dur:2 cpbdur:2 q:35.28 aq:24.96 tex:4865 mv:241 misc:1438 imb:18 pmb:115 smb:16979 d:- ref:0 ;
in:425 out:425 type:B dur:2 cpbdur:2 q:35.64 aq:34.00 tex:0 mv:0 misc:744 imb:0 pmb:0 smb:17112 d:- ref:0 ;
in:424 out:426 type:b dur:2 cpbdur:2 q:35.82 aq:36.00 tex:0 mv:0 misc:728 imb:0 pmb:0 smb:17112 d:- ref:0 ;
in:426 out:427 type:b dur:2 cpbdur:2 q:35.46 aq:36.00 tex:0 mv:0 misc:728 imb:0 pmb:0 smb:17112 d:- ref:0 ;
in:431 out:428 type:P dur:2 cpbdur:2 q:35.14 aq:19.43 tex:2079 mv:321 misc:1304 imb:117 pmb:47 smb:16948 d:- ref:0 ;
in:429 out:429 type:B dur:2 cpbdur:2 q:35.21 aq:34.00 tex:0 mv:0 misc:744 imb:0 pmb:0 smb:17112 d:- ref:0 ;
in:428 out:430 type:b dur:2 cpbdur:2 q:35.24 aq:36.00 tex:0 mv:0 misc:728 imb:0 pmb:0 smb:17112 d:- ref:0 ;
in:430 out:431 type:b dur:2 cpbdur:2 q:35.17 aq:36.00 tex:0 mv:0 misc:728 imb:0 pmb:0 smb:17112 d:- ref:0 ;
in:435 out:432 type:P dur:4 cpbdur:4 q:32.52 aq:28.34 tex:4985 mv:207 misc:968 imb:12 pmb:39 smb:17061 d:- ref:0 ;
in:433 out:433 type:B dur:2 cpbdur:2 q:33.83 aq:12.29 tex:118 mv:136 misc:818 imb:7 pmb:13 smb:17092 d:- ref:0 ;
in:432 out:434 type:b dur:4 cpbdur:4 q:34.49 aq:35.00 tex:1 mv:5 misc:738 imb:0 pmb:2 smb:17110 d:- ref:0 ;
in:434 out:435 type:b dur:90 cpbdur:90 q:33.18 aq:34.00 tex:0 mv:23 misc:753 imb:0 pmb:9 smb:17103 d:- ref:0 ;
in:439 out:436 type:P dur:2 cpbdur:2 q:33.82 aq:26.22 tex:74560 mv:2131 misc:1621 imb:198 pmb:443 smb:16471 d:- ref:0 ;
in:437 out:437 type:B dur:4 cpbdur:4 q:33.17 aq:37.61 tex:5467 mv:86 misc:799 imb:0 pmb:99 smb:17013 d:- ref:0 ;
in:436 out:438 type:b dur:2 cpbdur:2 q:32.85 aq:39.00 tex:1 mv:2 misc:733 imb:0 pmb:1 smb:17111 d:- ref:0 ;
in:438 out:439 type:b dur:2 cpbdur:2 q:33.50 aq:38.61 tex:542 mv:58 misc:792 imb:0 pmb:21 smb:17091 d:- ref:0 ;
in:443 out:440 type:P dur:6 cpbdur:6 q:29.82 aq:24.67 tex:17632 mv:918 misc:2018 imb:131 pmb:294 smb:16687 d:- ref:0 ;
in:441 out:441 type:B dur:2 cpbdur:2 q:31.82 aq:35.47 tex:924 mv:239 misc:925 imb:7 pmb:57 smb:17048 d:- ref:0 ;
in:440 out:442 type:b dur:2 cpbdur:2 q:32.82 aq:38.48 tex:880 mv:195 misc:789 imb:2 pmb:57 smb:17053 d:- ref:0 ;
in:442 out:443 type:b dur:2 cpbdur:2 q:30.82 aq:36.63 tex:1854 mv:634 misc:896 imb:33 pmb:78 smb:17001 d:- ref:0 ;
in:447 out:444 type:P dur:2 cpbdur:2 q:33.03 aq:26.73 tex:12642 mv:1818 misc:1308 imb:232 pmb:167 smb:16713 d:- ref:0 ;
in:445 out:445 type:B dur:2 cpbdur:2 q:31.43 aq:34.49 tex:1143 mv:293 misc:900 imb:6 pmb:57 smb:17049 d:- ref:0 ;
in:444 out:446 type:b dur:2 cpbdur:2 q:30.63 aq:35.60 tex:1771 mv:708 misc:905 imb:32 pmb:82 smb:16998 d:- ref:0 ;
in:446 out:447 type:b dur:2 cpbdur:2 q:32.23 aq:37.99 tex:276 mv:181 misc:799 imb:0 pmb:25 smb:17087 d:- ref:0 ;
in:451 out:448 type:P dur:2 cpbdur:2 q:32.91 aq:26.22 tex:6240 mv:1806 misc:1090 imb:249 pmb:70 smb:16793 d:- ref:0 ;
in:449 out:449 type:B dur:2 cpbdur:2 q:32.97 aq:36.61 tex:270 mv:87 misc:843 imb:2 pmb:15 smb:17095 d:- ref:0 ;
in:448 out:450 type:b dur:2 cpbdur:2 q:33.00 aq:38.67 tex:461 mv:238 misc:805 imb:1 pmb:56 smb:17055 d:- ref:0 ;
in:450 out:451 type:b dur:2 cpbdur:2 q:32.94 aq:38.65 tex:180 mv:55 misc:789 imb:2 pmb:10 smb:17100 d:- ref:0 ;
in:455 out:452 type:P dur:2 cpbdur:2 q:32.31 aq:24.91 tex:16732 mv:2143 misc:1797 imb:256 pmb:319 smb:16537 d:- ref:0 ;
in:453 out:453 type:B dur:2 cpbdur:2 q:32.61 aq:35.53 tex:483 mv:231 misc:910 imb:3 pmb:41 smb:17068 d:- ref:0 ;
in:452 out:454 type:b dur:2 cpbdur:2 q:32.76 aq:37.73 tex:182 mv:40 misc:786 imb:1 pmb:11 smb:17100 d:- ref:0 ;
in:454 out:455 type:b dur:2 cpbdur:2 q:32.46 aq:37.54 tex:85 mv:42 misc:769 imb:0 pmb:10 smb:17102 d:- ref:0 ;
in:459 out:456 type:P dur:2 cpbdur:2 q:32.22 aq:24.81 tex:30170 mv:2361 misc:1861 imb:231 pmb:292 smb:16589 d:- ref:0 ;
in:457 out:457 type:B dur:2 cpbdur:2 q:32.27 aq:36.51 tex:1354 mv:633 misc:997 imb:20 pmb:80 smb:17012 d:- ref:0 ;
in:456 out:458 type:b dur:2 cpbdur:2 q:32.29 aq:37.57 tex:336 mv:266 misc:838 imb:15 pmb:13 smb:17084 d:- ref:0 ;
in:458 out:459 type:b dur:2 cpbdur:2 q:32.24 aq:37.59 tex:408 mv:230 misc:826 imb:8 pmb:23 smb:17081 d:- ref:0 ;
in:463 out:460 type:P dur:2 cpbdur:2 q:32.17 aq:24.74 tex:40909 mv:2124 misc:1535 imb:217 pmb:233 smb:16662 d:- ref:0 ;
in:461 out:461 type:B dur:2 cpbdur:2 q:32.19 aq:36.53 tex:775 mv:311 misc:874 imb:15 pmb:30 smb:17067 d:- ref:0 ;
in:460 out:462 type:b dur:2 cpbdur:2 q:32.21 aq:37.60 tex:90 mv:113 misc:773 imb:6 pmb:7 smb:17099 d:- ref:0 ;
in:462 out:463 type:b dur:2 cpbdur:2 q:32.18 aq:37.30 tex:71 mv:34 misc:751 imb:1 pmb:6 smb:17105 d:- ref:0 ;
in:467 out:464 type:P dur:2 cpbdur:2 q:32.08 aq:24.35 tex:15640 mv:1219 misc:1517 imb:86 pmb:208 smb:16818 d:- ref:0 ;
in:465 out:465 type:B dur:2 cpbdur:2 q:32.12 aq:30.52 tex:1773 mv:224 misc:867 imb:12 pmb:40 smb:17060 d:- ref:0 ;
in:464 out:466 type:b dur:2 cpbdur:2 q:32.15 aq:37.79 tex:460 mv:371 misc:873 imb:2 pmb:58 smb:17052 d:- ref:0 ;
in:466 out:467 type:b dur:4 cpbdur:4 q:32.10 aq:34.97 tex:1575 mv:105 misc:792 imb:5 pmb:15 smb:17092 d:- ref:0 ;
in:471 out:468 type:P dur:2 cpbdur:2 q:31.98 aq:24.20 tex:17245 mv:331 misc:2256 imb:11 pmb:336 smb:16765 d:- ref:0 ;
in:469 out:469 type:B dur:2 cpbdur:2 q:32.03 aq:25.95 tex:99 mv:70 misc:807 imb:3 pmb:9 smb:17100 d:- ref:0 ;
in:468 out:470 type:b dur:2 cpbdur:2 q:32.06 aq:38.00 tex:712 mv:39 misc:769 imb:0 pmb:10 smb:17102 d:- ref:0 ;
in:470 out:471 type:b dur:34 cpbdur:34 q:32.00 aq:38.00 tex:0 mv:0 misc:728 imb:0 pmb:0 smb:17112 d:- ref:0 ;
in:475 out:472 type:P dur:2 cpbdur:2 q:31.50 aq:21.99 tex:16270 mv:255 misc:2283 imb:6 pmb:349 smb:16757 d:- ref:0 ;
in:473 out:473 type:B dur:2 cpbdur:2 q:31.74 aq:35.00 tex:0 mv:0 misc:744 imb:0 pmb:0 smb:17112 d:- ref:0 ;
in:472 out:474 type:b dur:2 cpbdur:2 q:31.86 aq:38.00 tex:0 mv:0 misc:728 imb:0 pmb:0 smb:17112 d:- ref:0 ;
in:474 out:475 type:b dur:2 cpbdur:2 q:31.62 aq:37.00 tex:0 mv:0 misc:728 imb:0 pmb:0 smb:17112 d:- ref:0 ;
in:479 out:476 type:P dur:2 cpbdur:2 q:31.39 aq:22.58 tex:6660 mv:140 misc:1440 imb:1 pmb:132 smb:16979 d:- ref:0 ;
in:477 out:477 type:B dur:2 cpbdur:2 q:31.45 aq:35.00 tex:0 mv:0 misc:744 imb:0 pmb:0 smb:17112 d:- ref:0 ;
in:476 out:478 type:b dur:2 cpbdur:2 q:31.47 aq:37.00 tex:0 mv:0 misc:728 imb:0 pmb:0 smb:17112 d:- ref:0 ;
in:478 out:479 type:b dur:2 cpbdur:2 q:31.42 aq:37.00 tex:0 mv:0 misc:728 imb:0 pmb:0 smb:17112 d:- ref:0 ;
in:483 out:480 type:P dur:2 cpbdur:2 q:31.29 aq:23.82 tex:5660 mv:93 misc:1351 imb:0 pmb:117 smb:16995 d:- ref:0 ;
in:481 out:481 type:B dur:2 cpbdur:2 q:31.34 aq:35.00 tex:0 mv:7 misc:753 imb:0 pmb:2 smb:17110 d:- ref:0 ;
in:480 out:482 type:b dur:2 cpbdur:2 q:31.37 aq:37.00 tex:0 mv:0 misc:728 imb:0 pmb:0 smb:17112 d:- ref:0 ;
in:482 out:483 type:b dur:2 cpbdur:2 q:31.32 aq:37.00 tex:0 mv:6 misc:738 imb:0 pmb:2 smb:17110 d:- ref:0 ;
in:487 out:484 type:P dur:2 cpbdur:2 q:31.16 aq:22.32 tex:5777 mv:112 misc:1271 imb:4 pmb:98 smb:17010 d:- ref:0 ;
in:485 out:485 type:B dur:2 cpbdur:2 q:31.22 aq:35.00 tex:851 mv:79 misc:758 imb:1 pmb:4 smb:17107 d:- ref:0 ;
in:484 out:486 type:b dur:2 cpbdur:2 q:31.26 aq:37.00 tex:355 mv:27 misc:738 imb:0 pmb:4 smb:17108 d:- ref:0 ;
in:486 out:487 type:b dur:2 cpbdur:2 q:31.19 aq:37.00 tex:534 mv:48 misc:738 imb:1 pmb:3 smb:17108 d:- ref:0 ;
in:491 out:488 type:P dur:2 cpbdur:2 q:30.87 aq:21.44 tex:7834 mv:208 misc:1542 imb:10 pmb:142 smb:16960 d:- ref:0 ;
in:489 out:489 type:B dur:2 cpbdur:2 q:31.01 aq:35.00 tex:164 mv:28 misc:752 imb:1 pmb:3 smb:17108 d:- ref:0 ;
in:488 out:490 type:b dur:2 cpbdur:2 q:31.08 aq:37.00 tex:0 mv:3 misc:733 imb:0 pmb:1 smb:17111 d:- ref:0 ;
in:490 out:491 type:b dur:2 cpbdur:2 q:30.94 aq:37.00 tex:497 mv:22 misc:737 imb:0 pmb:4 smb:17108 d:- ref:0 ;
in:495 out:492 type:P dur:2 cpbdur:2 q:30.74 aq:18.32 tex:6065 mv:446 misc:1393 imb:29 pmb:89 smb:16994 d:- ref:0 ;
in:493 out:493 type:B dur:2 cpbdur:2 q:30.80 aq:34.97 tex:52 mv:55 misc:757 imb:0 pmb:6 smb:17106 d:- ref:0 ;
in:492 out:494 type:b dur:2 cpbdur:2 q:30.84 aq:37.00 tex:2 mv:47 misc:735 imb:0 pmb:4 smb:17108 d:- ref:0 ;
in:494 out:495 type:b dur:2 cpbdur:2 q:30.77 aq:36.00 tex:153 mv:62 misc:737 imb:0 pmb:6 smb:17106 d:- ref:0 ;
in:499 out:496 type:P dur:2 cpbdur:2 q:30.61 aq:18.17 tex:8692 mv:300 misc:1504 imb:15 pmb:134 smb:16963 d:- ref:0 ;
in:497 out:497 type:B dur:2 cpbdur:2 q:30.67 aq:34.00 tex:2 mv:13 misc:753 imb:0 pmb:5 smb:17107 d:- ref:0 ;
in:496 out:498 type:b dur:2 cpbdur:2 q:30.71 aq:36.00 tex:0 mv:11 misc:741 imb:0 pmb:5 smb:17107 d:- ref:0 ;
in:498 out:499 type:b dur:4 cpbdur:4 q:30.64 aq:36.00 tex:0 mv:0 misc:728 imb:0 pmb:0 smb:17112 d:- ref:0 ;
in:500 out:500 type:I dur:2 cpbdur:2 q:28.50 aq:10.48 tex:992933 mv:92316 misc:703 imb:17112 pmb:0 smb:0 d:- ref:;
in:504 out:501 type:P dur:2 cpbdur:2 q:32.38 aq:25.69 tex:4911 mv:147 misc:1454 imb:3 pmb:125 smb:16984 d:- ref:0 ;
in:502 out:502 type:B dur:2 cpbdur:2 q:32.38 aq:38.00 tex:0 mv:0 misc:728 imb:0 pmb:0 smb:17112 d:- ref:0 ;
in:501 out:503 type:b dur:2 cpbdur:2 q:32.38 aq:38.00 tex:0 mv:0 misc:728 imb:0 pmb:0 smb:17112 d:- ref:0 ;
in:503 out:504 type:b dur:2 cpbdur:2 q:32.38 aq:38.00 tex:0 mv:0 misc:728 imb:0 pmb:0 smb:17112 d:- ref:0 ;
in:508 out:505 type:P dur:52 cpbdur:52 q:28.38 aq:34.00 tex:0 mv:0 misc:736 imb:0 pmb:0 smb:17112 d:- ref:0 ;
in:506 out:506 type:B dur:2 cpbdur:2 q:30.38 aq:34.00 tex:0 mv:0 misc:744 imb:0 pmb:0 smb:17112 d:- ref:0 ;
in:505 out:507 type:b dur:2 cpbdur:2 q:31.38 aq:37.00 tex:0 mv:0 misc:728 imb:0 pmb:0 smb:17112 d:- ref:0 ;
in:507 out:508 type:b dur:2 cpbdur:2 q:29.38 aq:35.00 tex:0 mv:0 misc:728 imb:0 pmb:0 smb:17112 d:- ref:0 ;
in:512 out:509 type:P dur:2 cpbdur:2 q:31.68 aq:26.17 tex:21422 mv:3052 misc:1494 imb:826 pmb:92 smb:16194 d:- ref:0 ;
in:510 out:510 type:B dur:2 cpbdur:2 q:30.03 aq:24.61 tex:629 mv:274 misc:985 imb:1 pmb:94 smb:17017 d:- ref:0 ;
in:509 out:511 type:b dur:18 cpbdur:18 q:29.21 aq:29.98 tex:34 mv:83 misc:827 imb:0 pmb:48 smb:17064 d:- ref:0 ;
in:511 out:512 type:b dur:2 cpbdur:2 q:30.85 aq:32.00 tex:0 mv:0 misc:720 imb:0 pmb:0 smb:17112 d:- ref:0 ;
in:516 out:513 type:P dur:2 cpbdur:2 q:31.42 aq:23.95 tex:11577 mv:1087 misc:1176 imb:186 pmb:215 smb:16711 d:- ref:0 ;
in:514 out:514 type:B dur:2 cpbdur:2 q:31.55 aq:29.57 tex:39 mv:5 misc:740 imb:0 pmb:1 smb:17111 d:- ref:0 ;
in:513 out:515 type:b dur:2 cpbdur:2 q:31.61 aq:32.00 tex:0 mv:0 misc:720 imb:0 pmb:0 smb:17112 d:- ref:0 ;
in:515 out:516 type:b dur:2 cpbdur:2 q:31.49 aq:37.40 tex:126 mv:11 misc:743 imb:0 pmb:3 smb:17109 d:- ref:0 ;
in:520 out:517 type:P dur:2 cpbdur:2 q:30.48 aq:23.04 tex:21071 mv:1367 misc:1130 imb:205 pmb:226 smb:16681 d:- ref:0 ;
in:518 out:518 type:B dur:2 cpbdur:2 q:30.95 aq:29.98 tex:26 mv:5 misc:745 imb:0 pmb:1 smb:17111 d:- ref:0 ;
in:517 out:519 type:b dur:2 cpbdur:2 q:31.19 aq:31.04 tex:87 mv:67 misc:758 imb:3 pmb:10 smb:17099 d:- ref:0 ;
in:519 out:520 type:b dur:2 cpbdur:2 q:30.71 aq:30.04 tex:89 mv:124 misc:755 imb:7 pmb:6 smb:17099 d:- ref:0 ;
in:524 out:521 type:P dur:2 cpbdur:2 q:30.10 aq:23.61 tex:26847 mv:1439 misc:1218 imb:199 pmb:250 smb:16663 d:- ref:0 ;
in:522 out:522 type:B dur:2 cpbdur:2 q:30.29 aq:29.97 tex:29 mv:20 misc:759 imb:1 pmb:2 smb:17109 d:- ref:0 ;
in:521 out:523 type:b dur:2 cpbdur:2 q:30.38 aq:31.00 tex:0 mv:0 misc:720 imb:0 pmb:0 smb:17112 d:- ref:0 ;
in:523 out:524 type:b dur:2 cpbdur:2 q:30.19 aq:30.48 tex:21 mv:28 misc:743 imb:1 pmb:3 smb:17108 d:- ref:0 ;
in:528 out:525 type:P dur:4 cpbdur:4 q:27.61 aq:22.82 tex:29493 mv:1229 misc:1238 imb:137 pmb:159 smb:16816 d:- ref:0 ;
in:526 out:526 type:B dur:2 cpbdur:2 q:28.86 aq:28.13 tex:87 mv:28 misc:781 imb:1 pmb:5 smb:17106 d:- ref:0 ;
in:525 out:527 type:b dur:2 cpbdur:2 q:29.48 aq:30.00 tex:0 mv:10 misc:726 imb:0 pmb:1 smb:17111 d:- ref:0 ;
in:527 out:528 type:b dur:2 cpbdur:2 q:28.24 aq:29.00 tex:27 mv:13 misc:736 imb:1 pmb:1 smb:17110 d:- ref:0 ;
in:532 out:529 type:P dur:2 cpbdur:2 q:29.80 aq:24.11 tex:24765 mv:1017 misc:986 imb:93 pmb:133 smb:16886 d:- ref:0 ;
in:530 out:530 type:B dur:2 cpbdur:2 q:28.71 aq:27.79 tex:852 mv:173 misc:855 imb:4 pmb:45 smb:17063 d:- ref:0 ;
in:529 out:531 type:b dur:2 cpbdur:2 q:28.16 aq:28.70 tex:452 mv:165 misc:823 imb:6 pmb:30 smb:17076 d:- ref:0 ;
in:531 out:532 type:b dur:2 cpbdur:2 q:29.26 aq:30.00 tex:0 mv:0 misc:720 imb:0 pmb:0 smb:17112 d:- ref:0 ;
in:536 out:533 type:P dur:2 cpbdur:2 q:29.72 aq:24.09 tex:13633 mv:751 misc:1024 imb:71 pmb:125 smb:16916 d:- ref:0 ;
in:534 out:534 type:B dur:2 cpbdur:2 q:29.76 aq:29.00 tex:15 mv:90 misc:831 imb:5 pmb:17 smb:17090 d:- ref:0 ;
in:533 out:535 type:b dur:2 cpbdur:2 q:29.78 aq:30.00 tex:0 mv:0 misc:720 imb:0 pmb:0 smb:17112 d:- ref:0 ;
in:535 out:536 type:b dur:2 cpbdur:2 q:29.74 aq:30.00 tex:2 mv:16 misc:734 imb:0 pmb:6 smb:17106 d:- ref:0 ;
in:540 out:537 type:P dur:2 cpbdur:2 q:29.63 aq:23.85 tex:3400 mv:249 misc:1063 imb:15 pmb:56 smb:17041 d:- ref:0 ;
in:538 out:538 type:B dur:2 cpbdur:2 q:29.68 aq:29.19 tex:1676 mv:131 misc:801 imb:8 pmb:15 smb:17089 d:- ref:0 ;
in:537 out:539 type:b dur:2 cpbdur:2 q:29.70 aq:30.17 tex:1370 mv:65 misc:741 imb:1 pmb:12 smb:17099 d:- ref:0 ;
in:539 out:540 type:b dur:2 cpbdur:2 q:29.66 aq:30.45 tex:1591 mv:93 misc:756 imb:4 pmb:15 smb:17093 d:- ref:0 ;
in:544 out:541 type:P dur:2 cpbdur:2 q:29.53 aq:23.45 tex:5351 mv:245 misc:1084 imb:17 pmb:62 smb:17033 d:- ref:0 ;
in:542 out:542 type:B dur:2 cpbdur:2 q:29.58 aq:30.17 tex:1802 mv:117 misc:785 imb:2 pmb:18 smb:17092 d:- ref:0 ;
in:541 out:543 type:b dur:2 cpbdur:2 q:29.61 aq:30.86 tex:1318 mv:51 misc:751 imb:0 pmb:13 smb:17099 d:- ref:0 ;
in:543 out:544 type:b dur:2 cpbdur:2 q:29.55 aq:30.82 tex:559 mv:91 misc:742 imb:0 pmb:13 smb:17099 d:- ref:0 ;
in:548 out:545 type:P dur:2 cpbdur:2 q:29.43 aq:23.71 tex:4406 mv:204 misc:1014 imb:5 pmb:57 smb:17050 d:- ref:0 ;
in:546 out:546 type:B dur:2 cpbdur:2 q:29.48 aq:29.00 tex:5 mv:34 misc:769 imb:1 pmb:7 smb:17104 d:- ref:0 ;
in:545 out:547 type:b dur:2 cpbdur:2 q:29.50 aq:30.52 tex:101 mv:39 misc:740 imb:0 pmb:7 smb:17105 d:- ref:0 ;
in:547 out:548 type:b dur:2 cpbdur:2 q:29.45 aq:30.00 tex:0 mv:0 misc:720 imb:0 pmb:0 smb:17112 d:- ref:0 ;
in:552 out:549 type:P dur:2 cpbdur:2 q:29.32 aq:24.20 tex:3269 mv:193 misc:954 imb:12 pmb:30 smb:17070 d:- ref:0 ;
in:550 out:550 type:B dur:2 cpbdur:2 q:29.37 aq:28.61 tex:44 mv:79 misc:773 imb:1 pmb:11 smb:17100 d:- ref:0 ;
in:549 out:551 type:b dur:2 cpbdur:2 q:29.40 aq:30.00 tex:0 mv:34 misc:734 imb:0 pmb:6 smb:17106 d:- ref:0 ;
in:551 out:552 type:b dur:4 cpbdur:4 q:29.35 aq:28.39 tex:1528 mv:103 misc:753 imb:1 pmb:11 smb:17100 d:- ref:0 ;
in:556 out:553 type:P dur:2 cpbdur:2 q:29.17 aq:23.75 tex:2474 mv:178 misc:948 imb:13 pmb:27 smb:17072 d:- ref:0 ;
in:554 out:554 type:B dur:2 cpbdur:2 q:29.25 aq:28.99 tex:1474 mv:97 misc:821 imb:4 pmb:16 smb:17092 d:- ref:0 ;
in:553 out:555 type:b dur:2 cpbdur:2 q:29.28 aq:29.97 tex:1715 mv:70 misc:775 imb:2 pmb:15 smb:17095 d:- ref:0 ;
in:555 out:556 type:b dur:2 cpbdur:2 q:29.21 aq:29.41 tex:1546 mv:92 misc:778 imb:5 pmb:12 smb:17095 d:- ref:0 ;
in:560 out:557 type:P dur:2 cpbdur:2 q:29.58 aq:21.48 tex:4332 mv:185 misc:1059 imb:10 pmb:51 smb:17051 d:- ref:0 ;
in:558 out:558 type:B dur:2 cpbdur:2 q:29.38 aq:29.00 tex:3 mv:34 misc:779 imb:1 pmb:10 smb:17101 d:- ref:0 ;
in:557 out:559 type:b dur:2 cpbdur:2 q:29.27 aq:30.03 tex:1241 mv:80 misc:751 imb:4 pmb:10 smb:17098 d:- ref:0 ;
in:559 out:560 type:b dur:2 cpbdur:2 q:29.48 aq:30.00 tex:0 mv:0 misc:720 imb:0 pmb:0 smb:17112 d:- ref:0 ;
in:564 out:561 type:P dur:2 cpbdur:2 q:29.47 aq:23.48 tex:797 mv:54 misc:893 imb:1 pmb:22 smb:17089 d:- ref:0 ;
in:562 out:562 type:B dur:2 cpbdur:2 q:29.53 aq:29.00 tex:3 mv:10 misc:747 imb:1 pmb:0 smb:17111 d:- ref:0 ;
in:561 out:563 type:b dur:2 cpbdur:2 q:29.55 aq:30.00 tex:0 mv:0 misc:720 imb:0 pmb:0 smb:17112 d:- ref:0 ;
in:563 out:564 type:b dur:2 cpbdur:2 q:29.50 aq:30.00 tex:0 mv:0 misc:720 imb:0 pmb:0 smb:17112 d:- ref:0 ;
in:568 out:565 type:P dur:2 cpbdur:2 q:29.34 aq:23.63 tex:1243 mv:53 misc:992 imb:1 pmb:37 smb:17074 d:- ref:0 ;
in:566 out:566 type:B dur:2 cpbdur:2 q:29.40 aq:29.00 tex:3 mv:10 misc:747 imb:1 pmb:0 smb:17111 d:- ref:0 ;
in:565 out:567 type:b dur:2 cpbdur:2 q:29.44 aq:30.00 tex:0 mv:0 misc:720 imb:0 pmb:0 smb:17112 d:- ref:0 ;
in:567 out:568 type:b dur:2 cpbdur:2 q:29.37 aq:30.00 tex:0 mv:0 misc:720 imb:0 pmb:0 smb:17112 d:- ref:0 ;
in:572 out:569 type:P dur:2 cpbdur:2 q:29.22 aq:22.75 tex:6507 mv:342 misc:1479 imb:12 pmb:154 smb:16946 d:- ref:0 ;
in:570 out:570 type:B dur:2 cpbdur:2 q:29.28 aq:29.21 tex:1553 mv:62 misc:785 imb:2 pmb:13 smb:17097 d:- ref:0 ;
in:569 out:571 type:b dur:2 cpbdur:2 q:29.31 aq:30.00 tex:6 mv:70 misc:748 imb:1 pmb:10 smb:17101 d:- ref:0 ;
in:571 out:572 type:b dur:2 cpbdur:2 q:29.25 aq:30.20 tex:1675 mv:89 misc:796 imb:4 pmb:14 smb:17094 d:- ref:0 ;
in:576 out:573 type:P dur:2 cpbdur:2 q:28.61 aq:23.17 tex:7424 mv:479 misc:1649 imb:45 pmb:158 smb:16909 d:- ref:0 ;
in:574 out:574 type:B dur:2 cpbdur:2 q:28.91 aq:28.41 tex:1299 mv:80 misc:821 imb:2 pmb:19 smb:17091 d:- ref:0 ;
in:573 out:575 type:b dur:2 cpbdur:2 q:29.06 aq:30.01 tex:1433 mv:76 misc:763 imb:4 pmb:9 smb:17099 d:- ref:0 ;
in:575 out:576 type:b dur:2 cpbdur:2 q:28.76 aq:29.04 tex:336 mv:107 misc:757 imb:2 pmb:11 smb:17099 d:- ref:0 ;
in:580 out:577 type:P dur:2 cpbdur:2 q:28.49 aq:22.85 tex:3899 mv:397 misc:1176 imb:31 pmb:66 smb:17015 d:- ref:0 ;
in:578 out:578 type:B dur:2 cpbdur:2 q:28.55 aq:27.17 tex:552 mv:104 misc:768 imb:1 pmb:12 smb:17099 d:- ref:0 ;
in:577 out:579 type:b dur:2 cpbdur:2 q:28.58 aq:29.35 tex:180 mv:88 misc:748 imb:1 pmb:11 smb:17100 d:- ref:0 ;
in:579 out:580 type:b dur:4 cpbdur:4 q:28.52 aq:29.00 tex:6 mv:33 misc:745 imb:1 pmb:8 smb:17103 d:- ref:0 ;
in:584 out:581 type:P dur:2 cpbdur:2 q:28.37 aq:23.33 tex:2938 mv:309 misc:1137 imb:23 pmb:58 smb:17031 d:- ref:0 ;
in:582 out:582 type:B dur:2 cpbdur:2 q:28.43 aq:28.38 tex:370 mv:108 misc:762 imb:1 pmb:6 smb:17105 d:- ref:0 ;
in:581 out:583 type:b dur:2 cpbdur:2 q:28.46 aq:29.38 tex:356 mv:106 misc:746 imb:1 pmb:6 smb:17105 d:- ref:0 ;
in:583 out:584 type:b dur:2 cpbdur:2 q:28.40 aq:29.00 tex:3 mv:21 misc:752 imb:1 pmb:4 smb:17107 d:- ref:0 ;
in:588 out:585 type:P dur:2 cpbdur:2 q:28.23 aq:17.88 tex:877 mv:219 misc:1048 imb:28 pmb:36 smb:17048 d:- ref:0 ;
in:586 out:586 type:B dur:2 cpbdur:2 q:28.30 aq:25.55 tex:70 mv:5 misc:741 imb:0 pmb:1 smb:17111 d:- ref:0 ;
in:585 out:587 type:b dur:2 cpbdur:2 q:28.33 aq:29.00 tex:0 mv:0 misc:720 imb:0 pmb:0 smb:17112 d:- ref:0 ;
in:587 out:588 type:b dur:2 cpbdur:2 q:28.26 aq:29.00 tex:0 mv:0 misc:720 imb:0 pmb:0 smb:17112 d:- ref:0 ;
in:592 out:589 type:P dur:2 cpbdur:2 q:28.11 aq:17.57 tex:671 mv:67 misc:886 imb:2 pmb:24 smb:17086 d:- ref:0 ;
in:590 out:590 type:B dur:2 cpbdur:2 q:28.17 aq:24.70 tex:70 mv:5 misc:741 imb:0 pmb:1 smb:17111 d:- ref:0 ;
in:589 out:591 type:b dur:2 cpbdur:2 q:28.20 aq:29.00 tex:0 mv:0 misc:720 imb:0 pmb:0 smb:17112 d:- ref:0 ;
in:591 out:592 type:b dur:2 cpbdur:2 q:28.14 aq:29.00 tex:0 mv:0 misc:720 imb:0 pmb:0 smb:17112 d:- ref:0 ;
in:596 out:593 type:P dur:4 cpbdur:4 q:25.59 aq:21.10 tex:3344 mv:133 misc:867 imb:4 pmb:17 smb:17091 d:- ref:0 ;
in:594 out:594 type:B dur:2 cpbdur:2 q:26.85 aq:16.81 tex:110 mv:38 misc:780 imb:0 pmb:11 smb:17101 d:- ref:0 ;
in:593 out:595 type:b dur:2 cpbdur:2 q:27.48 aq:28.00 tex:1 mv:3 misc:724 imb:0 pmb:1 smb:17111 d:- ref:0 ;
in:595 out:596 type:b dur:16 cpbdur:16 q:26.22 aq:26.98 tex:28 mv:29 misc:751 imb:0 pmb:10 smb:17102 d:- ref:0 ;
in:599 out:597 type:P dur:2 cpbdur:2 q:27.66 aq:25.62 tex:60544 mv:2595 misc:981 imb:465 pmb:73 smb:16574 d:- ref:0 ;
in:597 out:598 type:B dur:2 cpbdur:2 q:26.28 aq:25.73 tex:27790 mv:1688 misc:1026 imb:85 pmb:160 smb:16867 d:- ref:0 ;
in:598 out:599 type:b dur:4 cpbdur:4 q:26.97 aq:27.57 tex:29394 mv:2684 misc:1010 imb:87 pmb:159 smb:16866 d:- ref:0 ;
in:600 out:600 type:P dur:2 cpbdur:2 q:27.56 aq:22.29 tex:111989 mv:5383 misc:1068 imb:998 pmb:153 smb:15961 d:- ref:0 ;
in:601 out:601 type:P dur:2 cpbdur:2 q:27.58 aq:20.62 tex:198215 mv:9810 misc:1471 imb:2172 pmb:232 smb:14708 d:- ref:0 ;
in:602 out:602 type:P dur:2 cpbdur:2 q:27.62 aq:20.25 tex:329158 mv:15408 misc:1730 imb:4167 pmb:365 smb:12580 d:- ref:0 ;
in:603 out:603 type:P dur:2 cpbdur:2 q:27.73 aq:19.49 tex:430648 mv:19236 misc:1996 imb:7236 pmb:466 smb:9410 d:- ref:0 ;
in:604 out:604 type:P dur:2 cpbdur:2 q:27.89 aq:17.80 tex:498388 mv:23995 misc:2561 imb:9542 pmb:550 smb:7020 d:- ref:0 ;
in:605 out:605 type:P dur:2 cpbdur:2 q:28.12 aq:17.05 tex:552113 mv:26991 misc:3144 imb:10159 pmb:790 smb:6163 d:- ref:0 ;
in:606 out:606 type:P dur:2 cpbdur:2 q:28.39 aq:15.27 tex:650222 mv:30081 misc:3673 imb:9643 pmb:957 smb:6512 d:- ref:0 ;
in:607 out:607 type:P dur:2 cpbdur:2 q:28.75 aq:13.92 tex:472069 mv:30482 misc:3945 imb:7598 pmb:1799 smb:7715 d:- ref:0 ;
in:611 out:608 type:P dur:2 cpbdur:2 q:29.05 aq:16.18 tex:290232 mv:21929 misc:4343 imb:5671 pmb:2124 smb:9317 d:- ref:0 ;
in:609 out:609 type:B dur:2 cpbdur:2 q:28.90 aq:18.04 tex:88 mv:138 misc:974 imb:3 pmb:94 smb:17015 d:- ref:0 ;
in:608 out:610 type:b dur:2 cpbdur:2 q:28.83 aq:25.60 tex:35287 mv:35889 misc:4696 imb:1194 pmb:3236 smb:12682 d:- ref:0 ;
in:610 out:611 type:b dur:2 cpbdur:2 q:28.98 aq:30.06 tex:415 mv:45 misc:740 imb:0 pmb:8 smb:17104 d:- ref:0 ;
in:614 out:612 type:P dur:2 cpbdur:2 q:29.18 aq:24.64 tex:15257 mv:2043 misc:1980 imb:542 pmb:206 smb:16364 d:- ref:0 ;
in:612 out:613 type:B dur:2 cpbdur:2 q:29.10 aq:19.22 tex:1542 mv:883 misc:1287 imb:27 pmb:226 smb:16859 d:- ref:0 ;
in:613 out:614 type:b dur:4 cpbdur:4 q:29.14 aq:19.60 tex:659 mv:651 misc:1186 imb:15 pmb:244 smb:16853 d:- ref:0 ;
in:615 out:615 type:P dur:2 cpbdur:2 q:29.22 aq:26.38 tex:22936 mv:3041 misc:1567 imb:775 pmb:189 smb:16148 d:- ref:0 ;
in:619 out:616 type:P dur:2 cpbdur:2 q:29.38 aq:25.77 tex:38117 mv:3638 misc:1477 imb:857 pmb:157 smb:16098 d:- ref:0 ;
in:617 out:617 type:B dur:2 cpbdur:2 q:29.30 aq:30.08 tex:3643 mv:825 misc:1124 imb:56 pmb:159 smb:16897 d:- ref:0 ;
in:616 out:618 type:b dur:2 cpbdur:2 q:29.26 aq:16.65 tex:1699 mv:578 misc:1091 imb:42 pmb:178 smb:16892 d:- ref:0 ;
in:618 out:619 type:b dur:2 cpbdur:2 q:29.34 aq:19.80 tex:1390 mv:666 misc:1016 imb:48 pmb:70 smb:16994 d:- ref:0 ;
in:623 out:620 type:P dur:2 cpbdur:2 q:30.51 aq:23.94 tex:19907 mv:3337 misc:1636 imb:794 pmb:191 smb:16127 d:- ref:0 ;
in:621 out:621 type:B dur:2 cpbdur:2 q:29.94 aq:18.77 tex:2008 mv:308 misc:1028 imb:12 pmb:92 smb:17008 d:- ref:0 ;
in:620 out:622 type:b dur:2 cpbdur:2 q:29.66 aq:19.24 tex:1833 mv:322 misc:917 imb:12 pmb:46 smb:17054 d:- ref:0 ;
in:622 out:623 type:b dur:2 cpbdur:2 q:30.23 aq:19.38 tex:1954 mv:600 misc:1030 imb:20 pmb:89 smb:17003 d:- ref:0 ;
in:627 out:624 type:P dur:4 cpbdur:4 q:28.73 aq:24.63 tex:9377 mv:2243 misc:1700 imb:268 pmb:172 smb:16672 d:- ref:0 ;
in:625 out:625 type:B dur:2 cpbdur:2 q:29.62 aq:24.34 tex:2274 mv:285 misc:1033 imb:7 pmb:78 smb:17027 d:- ref:0 ;
in:624 out:626 type:b dur:2 cpbdur:2 q:30.06 aq:20.82 tex:1710 mv:306 misc:920 imb:8 pmb:61 smb:17043 d:- ref:0 ;
in:626 out:627 type:b dur:2 cpbdur:2 q:29.17 aq:18.52 tex:1797 mv:99 misc:784 imb:5 pmb:13 smb:17094 d:- ref:0 ;
in:628 out:628 type:I dur:2 cpbdur:2 q:26.06 aq:11.32 tex:651366 mv:121286 misc:772 imb:17112 pmb:0 smb:0 d:- ref:;
in:629 out:629 type:P dur:2 cpbdur:2 q:31.91 aq:20.22 tex:3321 mv:164 misc:931 imb:10 pmb:29 smb:17073 d:- ref:0 ;
in:633 out:630 type:P dur:2 cpbdur:2 q:31.90 aq:17.31 tex:344 mv:111 misc:857 imb:5 pmb:13 smb:17094 d:- ref:0 ;
in:631 out:631 type:B dur:2 cpbdur:2 q:31.90 aq:31.00 tex:2 mv:17 misc:741 imb:0 pmb:7 smb:17105 d:- ref:0 ;
in:630 out:632 type:b dur:2 cpbdur:2 q:31.91 aq:33.00 tex:1 mv:15 misc:736 imb:0 pmb:7 smb:17105 d:- ref:0 ;
in:632 out:633 type:b dur:2 cpbdur:2 q:31.90 aq:33.00 tex:0 mv:0 misc:720 imb:0 pmb:0 smb:17112 d:- ref:0 ;
in:637 out:634 type:P dur:2 cpbdur:2 q:31.81 aq:14.51 tex:198 mv:55 misc:835 imb:5 pmb:6 smb:17101 d:- ref:0 ;
in:635 out:635 type:B dur:2 cpbdur:2 q:31.86 aq:31.00 tex:0 mv:0 misc:736 imb:0 pmb:0 smb:17112 d:- ref:0 ;
in:634 out:636 type:b dur:2 cpbdur:2 q:31.88 aq:33.00 tex:0 mv:0 misc:720 imb:0 pmb:0 smb:17112 d:- ref:0 ;
in:636 out:637 type:b dur:2 cpbdur:2 q:31.83 aq:32.00 tex:0 mv:0 misc:720 imb:0 pmb:0 smb:17112 d:- ref:0 ;
in:641 out:638 type:P dur:2 cpbdur:2 q:31.66 aq:16.52 tex:815929 mv:34628 misc:2867 imb:8779 pmb:1901 smb:6432 d:- ref:0 ;
in:639 out:639 type:B dur:2 cpbdur:2 q:31.74 aq:28.34 tex:400 mv:763 misc:2053 imb:13 pmb:693 smb:16406 d:- ref:0 ;
in:638 out:640 type:b dur:2 cpbdur:2 q:31.77 aq:32.00 tex:34 mv:143 misc:1207 imb:0 pmb:246 smb:16866 d:- ref:0 ;
in:640 out:641 type:b dur:2 cpbdur:2 q:31.70 aq:21.18 tex:3659 mv:708 misc:2801 imb:29 pmb:933 smb:16150 d:- ref:0 ;
in:645 out:642 type:P dur:2 cpbdur:2 q:32.18 aq:23.42 tex:18829 mv:607 misc:2492 imb:47 pmb:333 smb:16732 d:- ref:0 ;
in:643 out:643 type:B dur:4 cpbdur:4 q:31.92 aq:32.00 tex:4 mv:28 misc:768 imb:0 pmb:12 smb:17100 d:- ref:0 ;
in:642 out:644 type:b dur:2 cpbdur:2 q:31.79 aq:32.00 tex:0 mv:0 misc:720 imb:0 pmb:0 smb:17112 d:- ref:0 ;
in:644 out:645 type:b dur:2 cpbdur:2 q:32.05 aq:32.83 tex:1143 mv:82 misc:751 imb:1 pmb:14 smb:17097 d:- ref:0 ;
in:649 out:646 type:P dur:2 cpbdur:2 q:31.82 aq:24.97 tex:14501 mv:401 misc:2026 imb:30 pmb:238 smb:16844 d:- ref:0 ;
in:647 out:647 type:B dur:4 cpbdur:4 q:32.00 aq:34.61 tex:1382 mv:76 misc:782 imb:2 pmb:16 smb:17094 d:- ref:0 ;
in:646 out:648 type:b dur:2 cpbdur:2 q:32.09 aq:35.00 tex:1400 mv:69 misc:771 imb:2 pmb:15 smb:17095 d:- ref:0 ;
in:648 out:649 type:b dur:2 cpbdur:2 q:31.91 aq:35.10 tex:1481 mv:76 misc:763 imb:2 pmb:15 smb:17095 d:- ref:0 ;
in:653 out:650 type:P dur:2 cpbdur:2 q:31.67 aq:23.01 tex:10790 mv:356 misc:1590 imb:33 pmb:132 smb:16947 d:- ref:0 ;
in:651 out:651 type:B dur:2 cpbdur:2 q:31.75 aq:18.93 tex:1462 mv:67 misc:767 imb:2 pmb:13 smb:17097 d:- ref:0 ;
in:650 out:652 type:b dur:2 cpbdur:2 q:31.78 aq:36.90 tex:1311 mv:88 misc:761 imb:1 pmb:15 smb:17096 d:- ref:0 ;
in:652 out:653 type:b dur:2 cpbdur:2 q:31.71 aq:32.00 tex:7 mv:94 misc:739 imb:1 pmb:10 smb:17101 d:- ref:0 ;
in:657 out:654 type:P dur:2 cpbdur:2 q:31.93 aq:22.48 tex:3474 mv:183 misc:1119 imb:19 pmb:55 smb:17038 d:- ref:0 ;
in:655 out:655 type:B dur:2 cpbdur:2 q:31.80 aq:31.00 tex:0 mv:0 misc:736 imb:0 pmb:0 smb:17112 d:- ref:0 ;
in:654 out:656 type:b dur:2 cpbdur:2 q:31.74 aq:32.00 tex:0 mv:0 misc:720 imb:0 pmb:0 smb:17112 d:- ref:0 ;
in:656 out:657 type:b dur:2 cpbdur:2 q:31.87 aq:33.00 tex:0 mv:0 misc:720 imb:0 pmb:0 smb:17112 d:- ref:0 ;
in:661 out:658 type:P dur:2 cpbdur:2 q:31.74 aq:24.00 tex:4156 mv:173 misc:1247 imb:14 pmb:75 smb:17023 d:- ref:0 ;
in:659 out:659 type:B dur:2 cpbdur:2 q:31.84 aq:31.00 tex:0 mv:0 misc:736 imb:0 pmb:0 smb:17112 d:- ref:0 ;
in:658 out:660 type:b dur:2 cpbdur:2 q:31.89 aq:33.00 tex:0 mv:0 misc:720 imb:0 pmb:0 smb:17112 d:- ref:0 ;
in:660 out:661 type:b dur:2 cpbdur:2 q:31.79 aq:32.00 tex:0 mv:0 misc:720 imb:0 pmb:0 smb:17112 d:- ref:0 ;
in:665 out:662 type:P dur:4 cpbdur:4 q:29.26 aq:21.42 tex:26649 mv:512 misc:2607 imb:32 pmb:385 smb:16695 d:- ref:0 ;
in:663 out:663 type:B dur:2 cpbdur:2 q:30.50 aq:30.00 tex:0 mv:0 misc:736 imb:0 pmb:0 smb:17112 d:- ref:0 ;
in:662 out:664 type:b dur:2 cpbdur:2 q:31.12 aq:32.00 tex:0 mv:0 misc:720 imb:0 pmb:0 smb:17112 d:- ref:0 ;
in:664 out:665 type:b dur:2 cpbdur:2 q:29.88 aq:31.00 tex:0 mv:0 misc:720 imb:0 pmb:0 smb:17112 d:- ref:0 ;
in:669 out:666 type:P dur:2 cpbdur:2 q:31.57 aq:20.64 tex:4551 mv:207 misc:1090 imb:27 pmb:43 smb:17042 d:- ref:0 ;
in:667 out:667 type:B dur:2 cpbdur:2 q:30.42 aq:36.04 tex:842 mv:97 misc:765 imb:1 pmb:11 smb:17100 d:- ref:0 ;
in:666 out:668 type:b dur:2 cpbdur:2 q:29.84 aq:31.00 tex:4 mv:16 misc:732 imb:0 pmb:6 smb:17106 d:- ref:0 ;
in:668 out:669 type:b dur:2 cpbdur:2 q:30.99 aq:34.64 tex:1399 mv:91 misc:750 imb:1 pmb:16 smb:17095 d:- ref:0 ;
in:673 out:670 type:P dur:2 cpbdur:2 q:31.50 aq:24.96 tex:3264 mv:186 misc:1030 imb:18 pmb:41 smb:17053 d:- ref:0 ;
in:671 out:671 type:B dur:2 cpbdur:2 q:31.54 aq:36.70 tex:1340 mv:57 misc:779 imb:1 pmb:14 smb:17097 d:- ref:0 ;
in:670 out:672 type:b dur:2 cpbdur:2 q:31.55 aq:37.51 tex:1448 mv:72 misc:760 imb:1 pmb:15 smb:17096 d:- ref:0 ;
in:672 out:673 type:b dur:2 cpbdur:2 q:31.52 aq:37.86 tex:1407 mv:47 misc:746 imb:1 pmb:11 smb:17100 d:- ref:0 ;
in:677 out:674 type:P dur:2 cpbdur:2 q:31.37 aq:22.89 tex:4440 mv:281 misc:1167 imb:98 pmb:100 smb:16914 d:- ref:0 ;
in:675 out:675 type:B dur:2 cpbdur:2 q:31.43 aq:11.42 tex:732 mv:35 misc:753 imb:2 pmb:3 smb:17107 d:- ref:0 ;
in:674 out:676 type:b dur:2 cpbdur:2 q:31.47 aq:32.00 tex:3 mv:55 misc:734 imb:0 pmb:6 smb:17106 d:- ref:0 ;
in:676 out:677 type:b dur:2 cpbdur:2 q:31.40 aq:16.28 tex:26 mv:31 misc:743 imb:1 pmb:3 smb:17108 d:- ref:0 ;
in:681 out:678 type:P dur:2 cpbdur:2 q:31.28 aq:19.55 tex:9941 mv:300 misc:1199 imb:24 pmb:87 smb:17001 d:- ref:0 ;
in:679 out:679 type:B dur:2 cpbdur:2 q:31.32 aq:31.00 tex:5 mv:19 misc:784 imb:0 pmb:10 smb:17102 d:- ref:0 ;
in:678 out:680 type:b dur:2 cpbdur:2 q:31.35 aq:32.00 tex:2 mv:30 misc:760 imb:0 pmb:10 smb:17102 d:- ref:0 ;
in:680 out:681 type:b dur:2 cpbdur:2 q:31.30 aq:32.00 tex:0 mv:0 misc:720 imb:0 pmb:0 smb:17112 d:- ref:0 ;
in:685 out:682 type:P dur:2 cpbdur:2 q:31.19 aq:22.66 tex:8705 mv:196 misc:1467 imb:9 pmb:140 smb:16963 d:- ref:0 ;
in:683 out:683 type:B dur:2 cpbdur:2 q:31.23 aq:31.00 tex:0 mv:0 misc:736 imb:0 pmb:0 smb:17112 d:- ref:0 ;
in:682 out:684 type:b dur:2 cpbdur:2 q:31.26 aq:32.00 tex:0 mv:0 misc:720 imb:0 pmb:0 smb:17112 d:- ref:0 ;
in:684 out:685 type:b dur:2 cpbdur:2 q:31.21 aq:32.00 tex:0 mv:0 misc:720 imb:0 pmb:0 smb:17112 d:- ref:0 ;
in:689 out:686 type:P dur:2 cpbdur:2 q:31.04 aq:22.56 tex:24240 mv:466 misc:2902 imb:17 pmb:460 smb:16635 d:- ref:0 ;
in:687 out:687 type:B dur:2 cpbdur:2 q:31.11 aq:36.83 tex:1358 mv:31 misc:763 imb:0 pmb:10 smb:17102 d:- ref:0 ;
in:686 out:688 type:b dur:2 cpbdur:2 q:31.15 aq:37.95 tex:1260 mv:40 misc:740 imb:1 pmb:8 smb:17103 d:- ref:0 ;
in:688 out:689 type:b dur:2 cpbdur:2 q:31.08 aq:18.31 tex:1757 mv:83 misc:760 imb:4 pmb:11 smb:17097 d:- ref:0 ;
in:693 out:690 type:P dur:2 cpbdur:2 q:30.96 aq:23.71 tex:16599 mv:324 misc:2045 imb:19 pmb:277 smb:16816 d:- ref:0 ;
in:691 out:691 type:B dur:4 cpbdur:4 q:31.00 aq:36.05 tex:1479 mv:75 misc:758 imb:1 pmb:12 smb:17099 d:- ref:0 ;
in:690 out:692 type:b dur:2 cpbdur:2 q:31.02 aq:18.85 tex:1325 mv:75 misc:744 imb:2 pmb:9 smb:17101 d:- ref:0 ;
in:692 out:693 type:b dur:2 cpbdur:2 q:30.98 aq:36.78 tex:1294 mv:95 misc:739 imb:2 pmb:8 smb:17102 d:- ref:0 ;
in:697 out:694 type:P dur:2 cpbdur:2 q:30.84 aq:23.27 tex:9253 mv:239 misc:1492 imb:18 pmb:134 smb:16960 d:- ref:0 ;
in:695 out:695 type:B dur:2 cpbdur:2 q:30.90 aq:35.92 tex:1385 mv:69 misc:762 imb:1 pmb:14 smb:17097 d:- ref:0 ;
in:694 out:696 type:b dur:2 cpbdur:2 q:30.93 aq:36.15 tex:81 mv:85 misc:738 imb:0 pmb:12 smb:17100 d:- ref:0 ;
in:696 out:697 type:b dur:2 cpbdur:2 q:30.87 aq:30.34 tex:1336 mv:92 misc:740 imb:1 pmb:9 smb:17102 d:- ref:0 ;
in:700 out:698 type:P dur:2 cpbdur:2 q:30.93 aq:20.39 tex:3459 mv:257 misc:1236 imb:13 pmb:73 smb:17026 d:- ref:0 ;
in:698 out:699 type:B dur:2 cpbdur:2 q:30.87 aq:28.44 tex:35 mv:77 misc:752 imb:0 pmb:7 smb:17105 d:- ref:0 ;
in:699 out:700 type:b dur:2 cpbdur:2 q:30.90 aq:32.00 tex:1 mv:84 misc:739 imb:0 pmb:8 smb:17104 d:- ref:0 ;
in:704 out:701 type:P dur:2 cpbdur:2 q:30.86 aq:22.24 tex:5859 mv:196 misc:1145 imb:15 pmb:75 smb:17022 d:- ref:0 ;
in:702 out:702 type:B dur:2 cpbdur:2 q:30.90 aq:30.00 tex:3 mv:44 misc:753 imb:0 pmb:10 smb:17102 d:- ref:0 ;
in:701 out:703 type:b dur:2 cpbdur:2 q:30.91 aq:32.00 tex:1 mv:14 misc:737 imb:0 pmb:6 smb:17106 d:- ref:0 ;
in:703 out:704 type:b dur:2 cpbdur:2 q:30.88 aq:18.53 tex:60 mv:53 misc:743 imb:1 pmb:8 smb:17103 d:- ref:0 ;
in:708 out:705 type:P dur:2 cpbdur:2 q:30.78 aq:22.24 tex:5241 mv:224 misc:1223 imb:20 pmb:71 smb:17021 d:- ref:0 ;
in:706 out:706 type:B dur:2 cpbdur:2 q:30.82 aq:34.60 tex:1407 mv:69 misc:780 imb:2 pmb:14 smb:17096 d:- ref:0 ;
in:705 out:707 type:b dur:2 cpbdur:2 q:30.84 aq:34.55 tex:1398 mv:85 misc:757 imb:4 pmb:12 smb:17096 d:- ref:0 ;
in:707 out:708 type:b dur:2 cpbdur:2 q:30.80 aq:35.28 tex:1366 mv:46 misc:764 imb:0 pmb:16 smb:17096 d:- ref:0 ;
in:712 out:709 type:P dur:2 cpbdur:2 q:30.69 aq:23.32 tex:9094 mv:231 misc:1515 imb:15 pmb:136 smb:16961 d:- ref:0 ;
in:710 out:710 type:B dur:2 cpbdur:2 q:30.73 aq:34.39 tex:196 mv:55 misc:773 imb:0 pmb:12 smb:17100 d:- ref:0 ;
in:709 out:711 type:b dur:2 cpbdur:2 q:30.76 aq:34.85 tex:1402 mv:61 misc:745 imb:0 pmb:14 smb:17098 d:- ref:0 ;
in:711 out:712 type:b dur:2 cpbdur:2 q:30.71 aq:31.01 tex:1279 mv:59 misc:734 imb:4 pmb:3 smb:17105 d:- ref:0 ;
in:716 out:713 type:P dur:2 cpbdur:2 q:30.41 aq:23.04 tex:16612 mv:244 misc:2112 imb:9 pmb:273 smb:16830 d:- ref:0 ;
in:714 out:714 type:B dur:2 cpbdur:2 q:30.55 aq:30.00 tex:0 mv:0 misc:736 imb:0 pmb:0 smb:17112 d:- ref:0 ;
in:713 out:715 type:b dur:2 cpbdur:2 q:30.62 aq:31.00 tex:0 mv:0 misc:720 imb:0 pmb:0 smb:17112 d:- ref:0 ;
in:715 out:716 type:b dur:2 cpbdur:2 q:30.48 aq:31.00 tex:0 mv:0 misc:720 imb:0 pmb:0 smb:17112 d:- ref:0 ;
in:720 out:717 type:P dur:2 cpbdur:2 q:30.50 aq:22.15 tex:36723 mv:759 misc:3398 imb:58 pmb:648 smb:16406 d:- ref:0 ;
in:718 out:718 type:B dur:2 cpbdur:2 q:30.45 aq:30.00 tex:2 mv:18 misc:748 imb:0 pmb:6 smb:17106 d:- ref:0 ;
in:717 out:719 type:b dur:2 cpbdur:2 q:30.43 aq:31.00 tex:0 mv:0 misc:720 imb:0 pmb:0 smb:17112 d:- ref:0 ;
in:719 out:720 type:b dur:2 cpbdur:2 q:30.48 aq:31.00 tex:4 mv:16 misc:732 imb:0 pmb:6 smb:17106 d:- ref:0 ;
in:724 out:721 type:P dur:2 cpbdur:2 q:30.41 aq:22.59 tex:21448 mv:348 misc:2372 imb:16 pmb:338 smb:16758 d:- ref:0 ;
in:722 out:722 type:B dur:2 cpbdur:2 q:30.46 aq:29.31 tex:1624 mv:106 misc:790 imb:3 pmb:16 smb:17093 d:- ref:0 ;
in:721 out:723 type:b dur:4 cpbdur:4 q:30.48 aq:21.52 tex:1339 mv:86 misc:759 imb:1 pmb:18 smb:17093 d:- ref:0 ;
in:723 out:724 type:b dur:2 cpbdur:2 q:30.43 aq:30.38 tex:1826 mv:70 misc:776 imb:1 pmb:20 smb:17091 d:- ref:0 ;
in:727 out:725 type:P dur:2 cpbdur:2 q:30.30 aq:20.35 tex:21785 mv:503 misc:2488 imb:33 pmb:345 smb:16734 d:- ref:0 ;
in:725 out:726 type:B dur:2 cpbdur:2 q:30.37 aq:35.31 tex:1490 mv:65 misc:789 imb:1 pmb:18 smb:17093 d:- ref:0 ;
in:726 out:727 type:b dur:2 cpbdur:2 q:30.33 aq:35.59 tex:1584 mv:74 misc:766 imb:1 pmb:18 smb:17093 d:- ref:0 ;
in:730 out:728 type:P dur:2 cpbdur:2 q:30.25 aq:19.85 tex:11852 mv:328 misc:1596 imb:20 pmb:152 smb:16940 d:- ref:0 ;
in:728 out:729 type:B dur:2 cpbdur:2 q:30.28 aq:30.00 tex:3 mv:67 misc:770 imb:0 pmb:11 smb:17101 d:- ref:0 ;
in:729 out:730 type:b dur:2 cpbdur:2 q:30.26 aq:30.06 tex:94 mv:107 misc:743 imb:1 pmb:11 smb:17100 d:- ref:0 ;
in:732 out:731 type:P dur:2 cpbdur:2 q:29.98 aq:18.45 tex:26439 mv:822 misc:3003 imb:50 pmb:450 smb:16612 d:- ref:0 ;
in:731 out:732 type:b dur:2 cpbdur:2 q:30.11 aq:15.29 tex:27 mv:81 misc:732 imb:1 pmb:6 smb:17105 d:- ref:0 ;
in:736 out:733 type:P dur:2 cpbdur:2 q:29.97 aq:19.50 tex:9614 mv:316 misc:1686 imb:22 pmb:159 smb:16931 d:- ref:0 ;
in:734 out:734 type:B dur:2 cpbdur:2 q:29.98 aq:35.95 tex:1250 mv:46 misc:760 imb:0 pmb:7 smb:17105 d:- ref:0 ;
in:733 out:735 type:b dur:2 cpbdur:2 q:29.98 aq:33.91 tex:31 mv:86 misc:739 imb:0 pmb:8 smb:17104 d:- ref:0 ;
in:735 out:736 type:b dur:2 cpbdur:2 q:29.98 aq:35.96 tex:853 mv:64 misc:731 imb:0 pmb:5 smb:17107 d:- ref:0 ;
in:740 out:737 type:P dur:2 cpbdur:2 q:29.90 aq:17.76 tex:156580 mv:2167 misc:5245 imb:128 pmb:1880 smb:15104 d:- ref:0 ;
in:738 out:738 type:B dur:2 cpbdur:2 q:29.94 aq:29.00 tex:1 mv:3 misc:740 imb:0 pmb:1 smb:17111 d:- ref:0 ;
in:737 out:739 type:b dur:2 cpbdur:2 q:29.96 aq:31.00 tex:1 mv:3 misc:724 imb:0 pmb:1 smb:17111 d:- ref:0 ;
in:739 out:740 type:b dur:2 cpbdur:2 q:29.92 aq:31.00 tex:0 mv:0 misc:720 imb:0 pmb:0 smb:17112 d:- ref:0 ;
in:744 out:741 type:P dur:2 cpbdur:2 q:29.83 aq:18.59 tex:36911 mv:978 misc:3679 imb:59 pmb:655 smb:16398 d:- ref:0 ;
in:742 out:742 type:B dur:2 cpbdur:2 q:29.87 aq:28.00 tex:0 mv:0 misc:736 imb:0 pmb:0 smb:17112 d:- ref:0 ;
in:741 out:743 type:b dur:2 cpbdur:2 q:29.88 aq:31.00 tex:0 mv:0 misc:720 imb:0 pmb:0 smb:17112 d:- ref:0 ;
in:743 out:744 type:b dur:2 cpbdur:2 q:29.85 aq:31.00 tex:0 mv:0 misc:720 imb:0 pmb:0 smb:17112 d:- ref:0 ;
in:748 out:745 type:P dur:4 cpbdur:4 q:27.36 aq:15.20 tex:42352 mv:2195 misc:4669 imb:262 pmb:782 smb:16068 d:- ref:0 ;
in:746 out:746 type:B dur:2 cpbdur:2 q:28.59 aq:27.00 tex:10 mv:36 misc:770 imb:3 pmb:2 smb:17107 d:- ref:0 ;
in:745 out:747 type:b dur:2 cpbdur:2 q:29.21 aq:30.00 tex:0 mv:0 misc:720 imb:0 pmb:0 smb:17112 d:- ref:0 ;
in:747 out:748 type:b dur:2 cpbdur:2 q:27.98 aq:29.00 tex:1 mv:10 misc:725 imb:0 pmb:1 smb:17111 d:- ref:0 ;
in:752 out:749 type:P dur:2 cpbdur:2 q:29.68 aq:16.58 tex:6492 mv:382 misc:1654 imb:28 pmb:137 smb:16947 d:- ref:0 ;
in:750 out:750 type:B dur:2 cpbdur:2 q:28.52 aq:27.00 tex:8 mv:39 misc:761 imb:3 pmb:1 smb:17108 d:- ref:0 ;
in:749 out:751 type:b dur:2 cpbdur:2 q:27.94 aq:29.00 tex:0 mv:0 misc:720 imb:0 pmb:0 smb:17112 d:- ref:0 ;
in:751 out:752 type:b dur:2 cpbdur:2 q:29.10 aq:30.00 tex:0 mv:0 misc:720 imb:0 pmb:0 smb:17112 d:- ref:0 ;
in:756 out:753 type:P dur:26 cpbdur:26 q:21.68 aq:14.60 tex:52301 mv:3278 misc:4933 imb:486 pmb:796 smb:15830 d:- ref:0 ;
in:754 out:754 type:B dur:2 cpbdur:2 q:25.68 aq:21.11 tex:54 mv:77 misc:821 imb:5 pmb:7 smb:17100 d:- ref:0 ;
in:753 out:755 type:b dur:2 cpbdur:2 q:27.68 aq:28.00 tex:0 mv:0 misc:720 imb:0 pmb:0 smb:17112 d:- ref:0 ;
in:755 out:756 type:b dur:2 cpbdur:2 q:23.68 aq:24.00 tex:16 mv:69 misc:787 imb:6 pmb:4 smb:17102 d:- ref:0 ;
in:760 out:757 type:P dur:2 cpbdur:2 q:25.68 aq:12.32 tex:288127 mv:9989 misc:6380 imb:2289 pmb:2779 smb:12044 d:- ref:0 ;
in:758 out:758 type:B dur:2 cpbdur:2 q:23.68 aq:19.68 tex:214 mv:108 misc:918 imb:3 pmb:27 smb:17082 d:- ref:0 ;
in:757 out:759 type:b dur:4 cpbdur:4 q:22.68 aq:22.97 tex:34 mv:55 misc:775 imb:4 pmb:4 smb:17104 d:- ref:0 ;
in:759 out:760 type:b dur:4 cpbdur:4 q:24.68 aq:25.00 tex:5 mv:21 misc:734 imb:2 pmb:0 smb:17110 d:- ref:0 ;
in:764 out:761 type:P dur:2 cpbdur:2 q:29.60 aq:16.56 tex:1074 mv:149 misc:1081 imb:7 pmb:60 smb:17045 d:- ref:0 ;
in:762 out:762 type:B dur:2 cpbdur:2 q:27.64 aq:26.00 tex:6 mv:34 misc:760 imb:3 pmb:0 smb:17109 d:- ref:0 ;
in:761 out:763 type:b dur:2 cpbdur:2 q:26.66 aq:27.00 tex:0 mv:0 misc:720 imb:0 pmb:0 smb:17112 d:- ref:0 ;
in:763 out:764 type:b dur:2 cpbdur:2 q:28.62 aq:29.00 tex:0 mv:0 misc:720 imb:0 pmb:0 smb:17112 d:- ref:0 ;
in:768 out:765 type:P dur:2 cpbdur:2 q:29.53 aq:19.12 tex:267 mv:91 misc:906 imb:3 pmb:23 smb:17086 d:- ref:0 ;
in:766 out:766 type:B dur:2 cpbdur:2 q:29.57 aq:28.00 tex:0 mv:0 misc:736 imb:0 pmb:0 smb:17112 d:- ref:0 ;
in:765 out:767 type:b dur:2 cpbdur:2 q:29.58 aq:30.00 tex:0 mv:0 misc:720 imb:0 pmb:0 smb:17112 d:- ref:0 ;
in:767 out:768 type:b dur:2 cpbdur:2 q:29.55 aq:30.00 tex:0 mv:0 misc:720 imb:0 pmb:0 smb:17112 d:- ref:0 ;
in:772 out:769 type:P dur:2 cpbdur:2 q:29.29 aq:7.16 tex:660 mv:215 misc:1061 imb:20 pmb:31 smb:17061 d:- ref:0 ;
in:770 out:770 type:B dur:2 cpbdur:2 q:29.41 aq:28.00 tex:0 mv:0 misc:736 imb:0 pmb:0 smb:17112 d:- ref:0 ;
in:769 out:771 type:b dur:2 cpbdur:2 q:29.47 aq:30.00 tex:0 mv:0 misc:720 imb:0 pmb:0 smb:17112 d:- ref:0 ;
in:771 out:772 type:b dur:2 cpbdur:2 q:29.35 aq:30.00 tex:0 mv:0 misc:720 imb:0 pmb:0 smb:17112 d:- ref:0 ;
in:776 out:773 type:P dur:112 cpbdur:112 q:21.29 aq:20.76 tex:122 mv:38 misc:824 imb:1 pmb:8 smb:17103 d:- ref:0 ;
in:774 out:774 type:B dur:2 cpbdur:2 q:25.29 aq:24.00 tex:2 mv:10 misc:748 imb:1 pmb:0 smb:17111 d:- ref:0 ;
in:773 out:775 type:b dur:2 cpbdur:2 q:27.29 aq:28.00 tex:0 mv:0 misc:720 imb:0 pmb:0 smb:17112 d:- ref:0 ;
in:775 out:776 type:b dur:2 cpbdur:2 q:23.29 aq:24.00 tex:2 mv:10 misc:732 imb:1 pmb:0 smb:17111 d:- ref:0 ;
in:780 out:777 type:P dur:2 cpbdur:2 q:25.29 aq:12.45 tex:1988 mv:145 misc:1211 imb:5 pmb:76 smb:17031 d:- ref:0 ;
in:778 out:778 type:B dur:2 cpbdur:2 q:23.29 aq:19.01 tex:255 mv:46 misc:843 imb:1 pmb:20 smb:17091 d:- ref:0 ;
in:777 out:779 type:b dur:4 cpbdur:4 q:22.29 aq:20.72 tex:77 mv:26 misc:761 imb:1 pmb:4 smb:17107 d:- ref:0 ;
in:779 out:780 type:b dur:2 cpbdur:2 q:24.29 aq:24.97 tex:24 mv:15 misc:737 imb:1 pmb:1 smb:17110 d:- ref:0 ;
in:784 out:781 type:P dur:2 cpbdur:2 q:28.24 aq:21.85 tex:2183 mv:66 misc:895 imb:3 pmb:21 smb:17088 d:- ref:0 ;
in:782 out:782 type:B dur:2 cpbdur:2 q:26.77 aq:25.00 tex:5 mv:21 misc:758 imb:1 pmb:3 smb:17108 d:- ref:0 ;
in:781 out:783 type:b dur:2 cpbdur:2 q:26.03 aq:27.00 tex:0 mv:0 misc:720 imb:0 pmb:0 smb:17112 d:- ref:0 ;
in:783 out:784 type:b dur:4 cpbdur:4 q:27.50 aq:28.00 tex:2 mv:10 misc:732 imb:0 pmb:3 smb:17109 d:- ref:0 ;
in:788 out:785 type:P dur:2 cpbdur:2 q:28.10 aq:24.96 tex:2091 mv:102 misc:839 imb:9 pmb:14 smb:17089 d:- ref:0 ;
in:786 out:786 type:B dur:2 cpbdur:2 q:28.17 aq:33.73 tex:1775 mv:73 misc:784 imb:2 pmb:14 smb:17096 d:- ref:0 ;
in:785 out:787 type:b dur:2 cpbdur:2 q:28.21 aq:31.01 tex:1825 mv:63 misc:744 imb:2 pmb:9 smb:17101 d:- ref:0 ;
in:787 out:788 type:b dur:2 cpbdur:2 q:28.13 aq:33.69 tex:1812 mv:104 misc:756 imb:2 pmb:14 smb:17096 d:- ref:0 ;
in:792 out:789 type:P dur:2 cpbdur:2 q:27.43 aq:27.19 tex:3726 mv:133 misc:853 imb:9 pmb:14 smb:17089 d:- ref:0 ;
in:790 out:790 type:B dur:2 cpbdur:2 q:27.76 aq:33.28 tex:1736 mv:85 misc:779 imb:4 pmb:15 smb:17093 d:- ref:0 ;
in:789 out:791 type:b dur:2 cpbdur:2 q:27.93 aq:32.72 tex:1601 mv:80 misc:767 imb:2 pmb:18 smb:17092 d:- ref:0 ;
in:791 out:792 type:b dur:2 cpbdur:2 q:27.59 aq:32.33 tex:1946 mv:72 misc:766 imb:1 pmb:17 smb:17094 d:- ref:0 ;
in:796 out:793 type:P dur:2 cpbdur:2 q:27.25 aq:22.07 tex:3158 mv:110 misc:844 imb:12 pmb:8 smb:17092 d:- ref:0 ;
in:794 out:794 type:B dur:2 cpbdur:2 q:27.34 aq:31.73 tex:1844 mv:84 misc:784 imb:2 pmb:16 smb:17094 d:- ref:0 ;
in:793 out:795 type:b dur:2 cpbdur:2 q:27.38 aq:31.13 tex:1892 mv:80 misc:764 imb:3 pmb:14 smb:17095 d:- ref:0 ;
in:795 out:796 type:b dur:2 cpbdur:2 q:27.30 aq:28.00 tex:2 mv:28 misc:746 imb:0 pmb:12 smb:17100 d:- ref:0 ;
in:800 out:797 type:P dur:2 cpbdur:2 q:27.11 aq:17.77 tex:1257 mv:141 misc:1050 imb:6 pmb:41 smb:17065 d:- ref:0 ;
in:798 out:798 type:B dur:2 cpbdur:2 q:27.18 aq:27.00 tex:0 mv:0 misc:736 imb:0 pmb:0 smb:17112 d:- ref:0 ;
in:797 out:799 type:b dur:2 cpbdur:2 q:27.22 aq:28.00 tex:0 mv:0 misc:720 imb:0 pmb:0 smb:17112 d:- ref:0 ;
in:799 out:800 type:b dur:2 cpbdur:2 q:27.14 aq:28.00 tex:0 mv:0 misc:720 imb:0 pmb:0 smb:17112 d:- ref:0 ;
in:804 out:801 type:P dur:2 cpbdur:2 q:27.00 aq:22.28 tex:918 mv:77 misc:965 imb:2 pmb:31 smb:17079 d:- ref:0 ;
in:802 out:802 type:B dur:2 cpbdur:2 q:27.05 aq:30.31 tex:23 mv:11 misc:742 imb:1 pmb:0 smb:17111 d:- ref:0 ;
in:801 out:803 type:b dur:2 cpbdur:2 q:27.08 aq:28.00 tex:0 mv:0 misc:720 imb:0 pmb:0 smb:17112 d:- ref:0 ;
in:803 out:804 type:b dur:2 cpbdur:2 q:27.02 aq:28.00 tex:0 mv:0 misc:720 imb:0 pmb:0 smb:17112 d:- ref:0 ;
in:808 out:805 type:P dur:2 cpbdur:2 q:26.90 aq:22.03 tex:309 mv:53 misc:862 imb:2 pmb:14 smb:17096 d:- ref:0 ;
in:806 out:806 type:B dur:2 cpbdur:2 q:26.95 aq:26.00 tex:2 mv:11 misc:747 imb:1 pmb:0 smb:17111 d:- ref:0 ;
in:805 out:807 type:b dur:4 cpbdur:4 q:26.97 aq:28.00 tex:3 mv:10 misc:731 imb:1 pmb:0 smb:17111 d:- ref:0 ;
in:807 out:808 type:b dur:2 cpbdur:2 q:26.92 aq:28.00 tex:0 mv:0 misc:720 imb:0 pmb:0 smb:17112 d:- ref:0 ;
in:812 out:809 type:P dur:2 cpbdur:2 q:26.78 aq:18.16 tex:2425 mv:143 misc:904 imb:10 pmb:19 smb:17083 d:- ref:0 ;
in:810 out:810 type:B dur:2 cpbdur:2 q:26.84 aq:31.01 tex:1831 mv:62 misc:779 imb:1 pmb:17 smb:17094 d:- ref:0 ;
in:809 out:811 type:b dur:2 cpbdur:2 q:26.87 aq:31.30 tex:1767 mv:113 misc:744 imb:1 pmb:10 smb:17101 d:- ref:0 ;
in:811 out:812 type:b dur:2 cpbdur:2 q:26.81 aq:31.23 tex:1851 mv:54 misc:767 imb:1 pmb:15 smb:17096 d:- ref:0 ;
in:816 out:813 type:P dur:2 cpbdur:2 q:26.67 aq:20.39 tex:2191 mv:127 misc:890 imb:12 pmb:18 smb:17082 d:- ref:0 ;
in:814 out:814 type:B dur:2 cpbdur:2 q:26.72 aq:31.42 tex:1843 mv:91 misc:794 imb:3 pmb:18 smb:17091 d:- ref:0 ;
in:813 out:815 type:b dur:2 cpbdur:2 q:26.75 aq:14.27 tex:1923 mv:91 misc:778 imb:4 pmb:14 smb:17094 d:- ref:0 ;
in:815 out:816 type:b dur:2 cpbdur:2 q:26.70 aq:33.51 tex:1548 mv:65 misc:771 imb:1 pmb:19 smb:17092 d:- ref:0 ;
in:820 out:817 type:P dur:2 cpbdur:2 q:26.56 aq:19.92 tex:2808 mv:181 misc:931 imb:10 pmb:30 smb:17072 d:- ref:0 ;
in:818 out:818 type:B dur:2 cpbdur:2 q:26.61 aq:26.38 tex:2005 mv:91 misc:792 imb:3 pmb:19 smb:17090 d:- ref:0 ;
in:817 out:819 type:b dur:2 cpbdur:2 q:26.64 aq:32.44 tex:1734 mv:92 misc:750 imb:2 pmb:14 smb:17096 d:- ref:0 ;
in:819 out:820 type:b dur:2 cpbdur:2 q:26.59 aq:32.78 tex:1710 mv:60 misc:750 imb:2 pmb:12 smb:17098 d:- ref:0 ;
in:824 out:821 type:P dur:2 cpbdur:2 q:26.46 aq:20.20 tex:3060 mv:134 misc:950 imb:4 pmb:35 smb:17073 d:- ref:0 ;
in:822 out:822 type:B dur:2 cpbdur:2 q:26.51 aq:26.69 tex:1740 mv:81 misc:771 imb:2 pmb:13 smb:17097 d:- ref:0 ;
in:821 out:823 type:b dur:2 cpbdur:2 q:26.53 aq:12.86 tex:2061 mv:67 misc:744 imb:3 pmb:10 smb:17099 d:- ref:0 ;
in:823 out:824 type:b dur:2 cpbdur:2 q:26.49 aq:32.94 tex:1729 mv:39 misc:736 imb:2 pmb:4 smb:17106 d:- ref:0 ;
in:828 out:825 type:P dur:2 cpbdur:2 q:26.36 aq:18.28 tex:338 mv:92 misc:946 imb:5 pmb:28 smb:17079 d:- ref:0 ;
in:826 out:826 type:B dur:2 cpbdur:2 q:26.41 aq:26.60 tex:298 mv:20 misc:754 imb:1 pmb:3 smb:17108 d:- ref:0 ;
in:825 out:827 type:b dur:4 cpbdur:4 q:26.43 aq:11.26 tex:762 mv:68 misc:738 imb:1 pmb:5 smb:17106 d:- ref:0 ;
in:827 out:828 type:b dur:2 cpbdur:2 q:26.38 aq:27.00 tex:1 mv:3 misc:724 imb:0 pmb:1 smb:17111 d:- ref:0 ;
in:832 out:829 type:P dur:2 cpbdur:2 q:26.26 aq:20.33 tex:315 mv:68 misc:977 imb:1 pmb:36 smb:17075 d:- ref:0 ;
in:830 out:830 type:B dur:2 cpbdur:2 q:26.31 aq:26.00 tex:2 mv:11 misc:747 imb:1 pmb:0 smb:17111 d:- ref:0 ;
in:829 out:831 type:b dur:2 cpbdur:2 q:26.33 aq:27.00 tex:0 mv:0 misc:720 imb:0 pmb:0 smb:17112 d:- ref:0 ;
in:831 out:832 type:b dur:2 cpbdur:2 q:26.28 aq:27.00 tex:0 mv:0 misc:720 imb:0 pmb:0 smb:17112 d:- ref:0 ;
in:836 out:833 type:P dur:2 cpbdur:2 q:26.14 aq:19.03 tex:580 mv:71 misc:1005 imb:1 pmb:45 smb:17066 d:- ref:0 ;
in:834 out:834 type:B dur:2 cpbdur:2 q:26.20 aq:26.00 tex:2 mv:11 misc:747 imb:1 pmb:0 smb:17111 d:- ref:0 ;
in:833 out:835 type:b dur:2 cpbdur:2 q:26.23 aq:27.00 tex:0 mv:0 misc:720 imb:0 pmb:0 smb:17112 d:- ref:0 ;
in:835 out:836 type:b dur:2 cpbdur:2 q:26.17 aq:27.00 tex:0 mv:0 misc:720 imb:0 pmb:0 smb:17112 d:- ref:0 ;
in:840 out:837 type:P dur:2 cpbdur:2 q:26.02 aq:18.12 tex:414 mv:68 misc:998 imb:1 pmb:42 smb:17069 d:- ref:0 ;
in:838 out:838 type:B dur:2 cpbdur:2 q:26.08 aq:26.00 tex:2 mv:11 misc:747 imb:1 pmb:0 smb:17111 d:- ref:0 ;
in:837 out:839 type:b dur:2 cpbdur:2 q:26.11 aq:27.00 tex:0 mv:0 misc:720 imb:0 pmb:0 smb:17112 d:- ref:0 ;
in:839 out:840 type:b dur:2 cpbdur:2 q:26.05 aq:27.00 tex:0 mv:0 misc:720 imb:0 pmb:0 smb:17112 d:- ref:0 ;
in:844 out:841 type:P dur:2 cpbdur:2 q:25.90 aq:19.48 tex:542 mv:73 misc:1033 imb:1 pmb:47 smb:17064 d:- ref:0 ;
in:842 out:842 type:B dur:2 cpbdur:2 q:25.96 aq:25.00 tex:2 mv:10 misc:748 imb:1 pmb:0 smb:17111 d:- ref:0 ;
in:841 out:843 type:b dur:2 cpbdur:2 q:25.99 aq:27.00 tex:0 mv:0 misc:720 imb:0 pmb:0 smb:17112 d:- ref:0 ;
in:843 out:844 type:b dur:2 cpbdur:2 q:25.93 aq:27.00 tex:0 mv:0 misc:720 imb:0 pmb:0 smb:17112 d:- ref:0 ;
in:848 out:845 type:P dur:2 cpbdur:2 q:25.77 aq:18.20 tex:2786 mv:95 misc:1071 imb:3 pmb:55 smb:17054 d:- ref:0 ;
in:846 out:846 type:B dur:4 cpbdur:4 q:25.84 aq:25.00 tex:5 mv:45 misc:758 imb:1 pmb:6 smb:17105 d:- ref:0 ;
in:845 out:847 type:b dur:2 cpbdur:2 q:25.87 aq:27.00 tex:0 mv:0 misc:720 imb:0 pmb:0 smb:17112 d:- ref:0 ;
in:847 out:848 type:b dur:4 cpbdur:4 q:25.80 aq:26.00 tex:6 mv:29 misc:749 imb:1 pmb:6 smb:17105 d:- ref:0 ;
in:852 out:849 type:P dur:2 cpbdur:2 q:25.63 aq:13.15 tex:5337 mv:191 misc:1040 imb:7 pmb:47 smb:17058 d:- ref:0 ;
in:850 out:850 type:B dur:2 cpbdur:2 q:25.70 aq:31.96 tex:1631 mv:76 misc:789 imb:1 pmb:18 smb:17093 d:- ref:0 ;
in:849 out:851 type:b dur:2 cpbdur:2 q:25.73 aq:12.92 tex:2100 mv:112 misc:764 imb:3 pmb:15 smb:17094 d:- ref:0 ;
in:851 out:852 type:b dur:2 cpbdur:2 q:25.66 aq:28.10 tex:2116 mv:93 misc:767 imb:3 pmb:16 smb:17093 d:- ref:0 ;
in:856 out:853 type:P dur:2 cpbdur:2 q:25.52 aq:14.50 tex:2663 mv:184 misc:1081 imb:11 pmb:49 smb:17052 d:- ref:0 ;
in:854 out:854 type:B dur:2 cpbdur:2 q:25.57 aq:30.04 tex:1986 mv:89 misc:789 imb:5 pmb:13 smb:17094 d:- ref:0 ;
in:853 out:855 type:b dur:2 cpbdur:2 q:25.60 aq:26.09 tex:2139 mv:125 misc:760 imb:1 pmb:18 smb:17093 d:- ref:0 ;
in:855 out:856 type:b dur:2 cpbdur:2 q:25.55 aq:30.15 tex:1904 mv:84 misc:756 imb:4 pmb:11 smb:17097 d:- ref:0 ;
in:860 out:857 type:P dur:2 cpbdur:2 q:25.41 aq:14.08 tex:6369 mv:241 misc:1198 imb:14 pmb:68 smb:17030 d:- ref:0 ;
in:858 out:858 type:B dur:2 cpbdur:2 q:25.47 aq:27.73 tex:2177 mv:110 misc:809 imb:3 pmb:20 smb:17089 d:- ref:0 ;
in:857 out:859 type:b dur:2 cpbdur:2 q:25.50 aq:29.51 tex:2409 mv:106 misc:781 imb:3 pmb:18 smb:17091 d:- ref:0 ;
in:859 out:860 type:b dur:2 cpbdur:2 q:25.44 aq:28.98 tex:1966 mv:95 misc:779 imb:3 pmb:17 smb:17092 d:- ref:0 ;
in:864 out:861 type:P dur:2 cpbdur:2 q:25.31 aq:11.51 tex:4118 mv:242 misc:1160 imb:15 pmb:58 smb:17039 d:- ref:0 ;
in:862 out:862 type:B dur:2 cpbdur:2 q:25.36 aq:28.80 tex:1951 mv:74 misc:791 imb:3 pmb:14 smb:17095 d:- ref:0 ;
in:861 out:863 type:b dur:2 cpbdur:2 q:25.39 aq:29.04 tex:1994 mv:96 misc:774 imb:5 pmb:12 smb:17095 d:- ref:0 ;
in:863 out:864 type:b dur:2 cpbdur:2 q:25.33 aq:26.00 tex:6 mv:30 misc:756 imb:1 pmb:7 smb:17104 d:- ref:0 ;
in:868 out:865 type:P dur:2 cpbdur:2 q:25.19 aq:12.95 tex:1361 mv:198 misc:1209 imb:9 pmb:68 smb:17035 d:- ref:0 ;
in:866 out:866 type:B dur:2 cpbdur:2 q:25.25 aq:25.00 tex:6 mv:41 misc:761 imb:1 pmb:3 smb:17108 d:- ref:0 ;
in:865 out:867 type:b dur:2 cpbdur:2 q:25.28 aq:26.00 tex:7 mv:36 misc:741 imb:1 pmb:3 smb:17108 d:- ref:0 ;
in:867 out:868 type:b dur:2 cpbdur:2 q:25.22 aq:26.00 tex:6 mv:20 misc:742 imb:1 pmb:3 smb:17108 d:- ref:0 ;
in:872 out:869 type:P dur:2 cpbdur:2 q:25.09 aq:12.82 tex:646 mv:160 misc:1066 imb:6 pmb:44 smb:17062 d:- ref:0 ;
in:870 out:870 type:B dur:4 cpbdur:4 q:25.14 aq:24.97 tex:28 mv:25 misc:763 imb:1 pmb:4 smb:17107 d:- ref:0 ;
in:869 out:871 type:b dur:2 cpbdur:2 q:25.17 aq:26.00 tex:6 mv:20 misc:742 imb:1 pmb:3 smb:17108 d:- ref:0 ;
in:871 out:872 type:b dur:2 cpbdur:2 q:25.11 aq:26.00 tex:2 mv:11 misc:731 imb:1 pmb:0 smb:17111 d:- ref:0 ;
in:876 out:873 type:P dur:2 cpbdur:2 q:24.96 aq:14.22 tex:4843 mv:382 misc:1215 imb:33 pmb:67 smb:17012 d:- ref:0 ;
in:874 out:874 type:B dur:2 cpbdur:2 q:25.03 aq:23.09 tex:58 mv:77 misc:841 imb:1 pmb:24 smb:17087 d:- ref:0 ;
in:873 out:875 type:b dur:2 cpbdur:2 q:25.06 aq:25.04 tex:34 mv:19 misc:739 imb:1 pmb:2 smb:17109 d:- ref:0 ;
in:875 out:876 type:b dur:2 cpbdur:2 q:24.99 aq:25.04 tex:45 mv:73 misc:794 imb:2 pmb:20 smb:17090 d:- ref:0 ;
in:877 out:877 type:P dur:2 cpbdur:2 q:24.86 aq:25.45 tex:8559 mv:3333 misc:988 imb:549 pmb:101 smb:16462 d:- ref:0 ;
in:878 out:878 type:I dur:2 cpbdur:2 q:22.56 aq:5.83 tex:1434477 mv:105084 misc:671 imb:17112 pmb:0 smb:0 d:- ref:;
in:882 out:879 type:P dur:4 cpbdur:4 q:25.43 aq:21.69 tex:2459 mv:59 misc:1074 imb:0 pmb:52 smb:17060 d:- ref:0 ;
in:880 out:880 type:B dur:4 cpbdur:4 q:25.43 aq:25.00 tex:2 mv:9 misc:741 imb:0 pmb:3 smb:17109 d:- ref:0 ;
in:879 out:881 type:b dur:4 cpbdur:4 q:25.43 aq:26.00 tex:1 mv:2 misc:733 imb:0 pmb:1 smb:17111 d:- ref:0 ;
in:881 out:882 type:b dur:6 cpbdur:6 q:25.43 aq:26.00 tex:0 mv:0 misc:720 imb:0 pmb:0 smb:17112 d:- ref:0 ;
in:886 out:883 type:P dur:4 cpbdur:4 q:25.22 aq:23.20 tex:2526 mv:92 misc:862 imb:7 pmb:15 smb:17090 d:- ref:0 ;
in:884 out:884 type:B dur:2 cpbdur:2 q:25.33 aq:28.67 tex:187 mv:52 misc:769 imb:0 pmb:11 smb:17101 d:- ref:0 ;
in:883 out:885 type:b dur:4 cpbdur:4 q:25.38 aq:26.00 tex:2 mv:12 misc:730 imb:0 pmb:3 smb:17109 d:- ref:0 ;
in:885 out:886 type:b dur:2 cpbdur:2 q:25.28 aq:15.94 tex:1615 mv:51 misc:742 imb:1 pmb:12 smb:17099 d:- ref:0 ;
in:890 out:887 type:P dur:2 cpbdur:2 q:27.46 aq:18.99 tex:2222 mv:97 misc:833 imb:9 pmb:10 smb:17093 d:- ref:0 ;
in:888 out:888 type:B dur:2 cpbdur:2 q:26.34 aq:28.79 tex:1884 mv:76 misc:784 imb:2 pmb:17 smb:17093 d:- ref:0 ;
in:887 out:889 type:b dur:2 cpbdur:2 q:25.78 aq:27.16 tex:2935 mv:496 misc:801 imb:43 pmb:32 smb:17037 d:- ref:0 ;
in:889 out:890 type:b dur:2 cpbdur:2 q:26.90 aq:29.29 tex:1936 mv:72 misc:768 imb:2 pmb:15 smb:17095 d:- ref:0 ;
in:894 out:891 type:P dur:2 cpbdur:2 q:27.34 aq:23.97 tex:3750 mv:97 misc:817 imb:9 pmb:8 smb:17095 d:- ref:0 ;
in:892 out:892 type:B dur:2 cpbdur:2 q:27.40 aq:22.37 tex:26 mv:32 misc:758 imb:1 pmb:10 smb:17101 d:- ref:0 ;
in:891 out:893 type:b dur:2 cpbdur:2 q:27.43 aq:28.00 tex:4 mv:22 misc:742 imb:0 pmb:11 smb:17101 d:- ref:0 ;
in:893 out:894 type:b dur:2 cpbdur:2 q:27.37 aq:28.00 tex:0 mv:0 misc:720 imb:0 pmb:0 smb:17112 d:- ref:0 ;
in:898 out:895 type:P dur:2 cpbdur:2 q:25.74 aq:15.11 tex:1155 mv:258 misc:1171 imb:22 pmb:47 smb:17043 d:- ref:0 ;
in:896 out:896 type:B dur:2 cpbdur:2 q:26.54 aq:26.00 tex:0 mv:0 misc:736 imb:0 pmb:0 smb:17112 d:- ref:0 ;
in:895 out:897 type:b dur:2 cpbdur:2 q:26.94 aq:28.00 tex:0 mv:0 misc:720 imb:0 pmb:0 smb:17112 d:- ref:0 ;
in:897 out:898 type:b dur:2 cpbdur:2 q:26.14 aq:27.00 tex:0 mv:0 misc:720 imb:0 pmb:0 smb:17112 d:- ref:0 ;
in:902 out:899 type:P dur:2 cpbdur:2 q:25.61 aq:19.31 tex:582 mv:123 misc:919 imb:2 pmb:25 smb:17085 d:- ref:0 ;
in:900 out:900 type:B dur:2 cpbdur:2 q:25.67 aq:19.71 tex:27 mv:30 misc:751 imb:1 pmb:6 smb:17105 d:- ref:0 ;
in:899 out:901 type:b dur:2 cpbdur:2 q:25.71 aq:27.00 tex:0 mv:0 misc:720 imb:0 pmb:0 smb:17112 d:- ref:0 ;
in:901 out:902 type:b dur:2 cpbdur:2 q:25.64 aq:27.00 tex:3 mv:19 misc:738 imb:0 pmb:7 smb:17105 d:- ref:0 ;
in:906 out:903 type:P dur:2 cpbdur:2 q:25.51 aq:20.72 tex:2602 mv:125 misc:929 imb:9 pmb:21 smb:17082 d:- ref:0 ;
in:904 out:904 type:B dur:2 cpbdur:2 q:25.56 aq:26.65 tex:2219 mv:69 misc:776 imb:2 pmb:15 smb:17095 d:- ref:0 ;
in:903 out:905 type:b dur:2 cpbdur:2 q:25.58 aq:27.94 tex:2137 mv:70 misc:761 imb:2 pmb:15 smb:17095 d:- ref:0 ;
in:905 out:906 type:b dur:2 cpbdur:2 q:25.53 aq:27.32 tex:2058 mv:67 misc:763 imb:2 pmb:15 smb:17095 d:- ref:0 ;
in:910 out:907 type:P dur:2 cpbdur:2 q:25.42 aq:19.95 tex:3638 mv:117 misc:893 imb:10 pmb:17 smb:17085 d:- ref:0 ;
in:908 out:908 type:B dur:2 cpbdur:2 q:25.47 aq:26.22 tex:2081 mv:72 misc:775 imb:2 pmb:16 smb:17094 d:- ref:0 ;
in:907 out:909 type:b dur:2 cpbdur:2 q:25.49 aq:26.32 tex:2078 mv:79 misc:763 imb:3 pmb:15 smb:17094 d:- ref:0 ;
in:909 out:910 type:b dur:2 cpbdur:2 q:25.44 aq:22.17 tex:28 mv:27 misc:745 imb:1 pmb:7 smb:17104 d:- ref:0 ;
in:914 out:911 type:P dur:2 cpbdur:2 q:25.34 aq:17.53 tex:3236 mv:229 misc:1263 imb:7 pmb:106 smb:16999 d:- ref:0 ;
in:912 out:912 type:B dur:2 cpbdur:2 q:25.38 aq:24.00 tex:2 mv:7 misc:751 imb:0 pmb:2 smb:17110 d:- ref:0 ;
in:911 out:913 type:b dur:2 cpbdur:2 q:25.40 aq:26.00 tex:1 mv:3 misc:732 imb:0 pmb:1 smb:17111 d:- ref:0 ;
in:913 out:914 type:b dur:4 cpbdur:4 q:25.36 aq:26.00 tex:1 mv:3 misc:732 imb:0 pmb:1 smb:17111 d:- ref:0 ;
in:918 out:915 type:P dur:2 cpbdur:2 q:25.22 aq:19.02 tex:1874 mv:98 misc:1156 imb:1 pmb:67 smb:17044 d:- ref:0 ;
in:916 out:916 type:B dur:2 cpbdur:2 q:25.28 aq:19.89 tex:56 mv:14 misc:754 imb:0 pmb:2 smb:17110 d:- ref:0 ;
in:915 out:917 type:b dur:2 cpbdur:2 q:25.31 aq:26.00 tex:1 mv:6 misc:729 imb:0 pmb:2 smb:17110 d:- ref:0 ;
in:917 out:918 type:b dur:2 cpbdur:2 q:25.25 aq:26.00 tex:0 mv:0 misc:720 imb:0 pmb:0 smb:17112 d:- ref:0 ;
in:922 out:919 type:P dur:2 cpbdur:2 q:25.12 aq:17.63 tex:3387 mv:181 misc:1104 imb:12 pmb:50 smb:17050 d:- ref:0 ;
in:920 out:920 type:B dur:2 cpbdur:2 q:25.17 aq:24.44 tex:2039 mv:52 misc:789 imb:0 pmb:17 smb:17095 d:- ref:0 ;
in:919 out:921 type:b dur:2 cpbdur:2 q:25.20 aq:26.00 tex:5 mv:44 misc:743 imb:0 pmb:10 smb:17102 d:- ref:0 ;
in:921 out:922 type:b dur:2 cpbdur:2 q:25.15 aq:23.01 tex:2251 mv:75 misc:794 imb:3 pmb:14 smb:17095 d:- ref:0 ;
in:926 out:923 type:P dur:2 cpbdur:2 q:25.02 aq:18.09 tex:4201 mv:155 misc:1076 imb:12 pmb:46 smb:17054 d:- ref:0 ;
in:924 out:924 type:B dur:2 cpbdur:2 q:25.07 aq:22.54 tex:2081 mv:79 misc:824 imb:1 pmb:20 smb:17091 d:- ref:0 ;
in:923 out:925 type:b dur:2 cpbdur:2 q:25.10 aq:26.65 tex:2078 mv:59 misc:783 imb:1 pmb:15 smb:17096 d:- ref:0 ;
in:925 out:926 type:b dur:2 cpbdur:2 q:25.04 aq:24.38 tex:2254 mv:82 misc:776 imb:3 pmb:16 smb:17093 d:- ref:0 ;
in:930 out:927 type:P dur:2 cpbdur:2 q:24.92 aq:17.37 tex:4387 mv:167 misc:1062 imb:13 pmb:45 smb:17054 d:- ref:0 ;
in:928 out:928 type:B dur:2 cpbdur:2 q:24.97 aq:19.89 tex:61 mv:49 misc:794 imb:0 pmb:12 smb:17100 d:- ref:0 ;
in:927 out:929 type:b dur:2 cpbdur:2 q:24.99 aq:26.00 tex:5 mv:20 misc:751 imb:0 pmb:9 smb:17103 d:- ref:0 ;
in:929 out:930 type:b dur:2 cpbdur:2 q:24.94 aq:26.00 tex:0 mv:0 misc:720 imb:0 pmb:0 smb:17112 d:- ref:0 ;
in:934 out:931 type:P dur:2 cpbdur:2 q:24.81 aq:17.12 tex:770 mv:91 misc:1019 imb:2 pmb:40 smb:17070 d:- ref:0 ;
in:932 out:932 type:B dur:2 cpbdur:2 q:24.86 aq:19.29 tex:56 mv:36 misc:772 imb:0 pmb:4 smb:17108 d:- ref:0 ;
in:931 out:933 type:b dur:2 cpbdur:2 q:24.89 aq:26.00 tex:0 mv:0 misc:720 imb:0 pmb:0 smb:17112 d:- ref:0 ;
in:933 out:934 type:b dur:2 cpbdur:2 q:24.83 aq:26.00 tex:0 mv:0 misc:720 imb:0 pmb:0 smb:17112 d:- ref:0 ;
in:938 out:935 type:P dur:2 cpbdur:2 q:25.48 aq:18.41 tex:267 mv:51 misc:858 imb:1 pmb:13 smb:17098 d:- ref:0 ;
in:936 out:936 type:B dur:4 cpbdur:4 q:25.14 aq:25.00 tex:0 mv:0 misc:736 imb:0 pmb:0 smb:17112 d:- ref:0 ;
in:935 out:937 type:b dur:2 cpbdur:2 q:24.97 aq:26.00 tex:0 mv:0 misc:720 imb:0 pmb:0 smb:17112 d:- ref:0 ;
in:937 out:938 type:b dur:2 cpbdur:2 q:25.31 aq:26.00 tex:0 mv:0 misc:720 imb:0 pmb:0 smb:17112 d:- ref:0 ;
in:942 out:939 type:P dur:2 cpbdur:2 q:25.35 aq:18.31 tex:2939 mv:146 misc:947 imb:12 pmb:31 smb:17069 d:- ref:0 ;
in:940 out:940 type:B dur:4 cpbdur:4 q:25.42 aq:20.61 tex:102 mv:90 misc:800 imb:0 pmb:18 smb:17094 d:- ref:0 ;
in:939 out:941 type:b dur:8 cpbdur:8 q:25.45 aq:26.00 tex:3 mv:20 misc:753 imb:0 pmb:8 smb:17104 d:- ref:0 ;
in:941 out:942 type:b dur:2 cpbdur:2 q:25.38 aq:26.03 tex:2134 mv:82 misc:768 imb:3 pmb:15 smb:17094 d:- ref:0 ;
in:944 out:943 type:P dur:2 cpbdur:2 q:25.13 aq:15.88 tex:3099 mv:198 misc:1007 imb:12 pmb:36 smb:17064 d:- ref:0 ;
in:943 out:944 type:b dur:2 cpbdur:2 q:25.24 aq:25.84 tex:376 mv:59 misc:749 imb:0 pmb:12 smb:17100 d:- ref:0 ;
in:948 out:945 type:P dur:2 cpbdur:2 q:25.10 aq:18.24 tex:2760 mv:161 misc:927 imb:7 pmb:27 smb:17078 d:- ref:0 ;
in:946 out:946 type:B dur:2 cpbdur:2 q:25.12 aq:25.54 tex:346 mv:84 misc:762 imb:0 pmb:10 smb:17102 d:- ref:0 ;
in:945 out:947 type:b dur:2 cpbdur:2 q:25.13 aq:26.35 tex:349 mv:119 misc:748 imb:0 pmb:8 smb:17104 d:- ref:0 ;
in:947 out:948 type:b dur:2 cpbdur:2 q:25.11 aq:26.39 tex:169 mv:59 misc:732 imb:0 pmb:6 smb:17106 d:- ref:0 ;
in:952 out:949 type:P dur:2 cpbdur:2 q:24.18 aq:17.34 tex:4792 mv:198 misc:1098 imb:8 pmb:57 smb:17047 d:- ref:0 ;
in:950 out:950 type:B dur:2 cpbdur:2 q:24.64 aq:24.75 tex:2355 mv:81 misc:756 imb:2 pmb:10 smb:17100 d:- ref:0 ;
in:949 out:951 type:b dur:2 cpbdur:2 q:24.87 aq:26.67 tex:2028 mv:56 misc:740 imb:1 pmb:8 smb:17103 d:- ref:0 ;
in:951 out:952 type:b dur:2 cpbdur:2 q:24.41 aq:25.60 tex:860 mv:58 misc:738 imb:1 pmb:8 smb:17103 d:- ref:0 ;
in:956 out:953 type:P dur:2 cpbdur:2 q:24.07 aq:15.94 tex:5416 mv:204 misc:1068 imb:9 pmb:53 smb:17050 d:- ref:0 ;
in:954 out:954 type:B dur:2 cpbdur:2 q:24.12 aq:21.41 tex:2220 mv:71 misc:773 imb:0 pmb:17 smb:17095 d:- ref:0 ;
in:953 out:955 type:b dur:2 cpbdur:2 q:24.15 aq:24.92 tex:2083 mv:80 misc:741 imb:0 pmb:12 smb:17100 d:- ref:0 ;
in:955 out:956 type:b dur:2 cpbdur:2 q:24.10 aq:25.67 tex:2187 mv:50 misc:747 imb:1 pmb:12 smb:17099 d:- ref:0 ;
in:960 out:957 type:P dur:2 cpbdur:2 q:23.97 aq:16.38 tex:5896 mv:229 misc:1283 imb:10 pmb:82 smb:17020 d:- ref:0 ;
in:958 out:958 type:B dur:2 cpbdur:2 q:24.02 aq:22.74 tex:2278 mv:63 misc:795 imb:1 pmb:17 smb:17094 d:- ref:0 ;
in:957 out:959 type:b dur:2 cpbdur:2 q:24.04 aq:25.86 tex:2344 mv:52 misc:748 imb:1 pmb:14 smb:17097 d:- ref:0 ;
in:959 out:960 type:b dur:2 cpbdur:2 q:24.00 aq:25.94 tex:2269 mv:70 misc:765 imb:2 pmb:15 smb:17095 d:- ref:0 ;
in:964 out:961 type:P dur:2 cpbdur:2 q:23.85 aq:14.08 tex:3742 mv:222 misc:1132 imb:14 pmb:55 smb:17043 d:- ref:0 ;
in:962 out:962 type:B dur:2 cpbdur:2 q:23.91 aq:19.23 tex:2347 mv:74 misc:795 imb:2 pmb:15 smb:17095 d:- ref:0 ;
in:961 out:963 type:b dur:2 cpbdur:2 q:23.94 aq:26.97 tex:2070 mv:47 misc:763 imb:0 pmb:16 smb:17096 d:- ref:0 ;
in:963 out:964 type:b dur:2 cpbdur:2 q:23.88 aq:26.63 tex:2308 mv:80 misc:764 imb:3 pmb:14 smb:17095 d:- ref:0 ;
in:968 out:965 type:P dur:2 cpbdur:2 q:23.76 aq:11.90 tex:3869 mv:143 misc:972 imb:11 pmb:31 smb:17070 d:- ref:0 ;
in:966 out:966 type:B dur:2 cpbdur:2 q:23.80 aq:18.16 tex:51 mv:35 misc:778 imb:0 pmb:13 smb:17099 d:- ref:0 ;
in:965 out:967 type:b dur:4 cpbdur:4 q:23.83 aq:15.48 tex:2584 mv:82 misc:758 imb:4 pmb:13 smb:17095 d:- ref:0 ;
in:967 out:968 type:b dur:2 cpbdur:2 q:23.78 aq:25.00 tex:0 mv:0 misc:720 imb:0 pmb:0 smb:17112 d:- ref:0 ;
in:972 out:969 type:P dur:2 cpbdur:2 q:24.59 aq:17.18 tex:667 mv:93 misc:1048 imb:2 pmb:47 smb:17063 d:- ref:0 ;
in:970 out:970 type:B dur:2 cpbdur:2 q:24.17 aq:19.16 tex:79 mv:21 misc:764 imb:1 pmb:3 smb:17108 d:- ref:0 ;
in:969 out:971 type:b dur:2 cpbdur:2 q:23.96 aq:25.00 tex:0 mv:0 misc:720 imb:0 pmb:0 smb:17112 d:- ref:0 ;
in:971 out:972 type:b dur:2 cpbdur:2 q:24.38 aq:28.35 tex:38 mv:15 misc:731 imb:1 pmb:1 smb:17110 d:- ref:0 ;
in:976 out:973 type:P dur:2 cpbdur:2 q:24.47 aq:15.80 tex:479 mv:69 misc:996 imb:1 pmb:36 smb:17075 d:- ref:0 ;
in:974 out:974 type:B dur:2 cpbdur:2 q:24.53 aq:24.00 tex:0 mv:0 misc:736 imb:0 pmb:0 smb:17112 d:- ref:0 ;
in:973 out:975 type:b dur:2 cpbdur:2 q:24.56 aq:25.00 tex:0 mv:0 misc:720 imb:0 pmb:0 smb:17112 d:- ref:0 ;
in:975 out:976 type:b dur:2 cpbdur:2 q:24.50 aq:25.00 tex:0 mv:0 misc:720 imb:0 pmb:0 smb:17112 d:- ref:0 ;
in:980 out:977 type:P dur:2 cpbdur:2 q:24.36 aq:19.06 tex:2509 mv:126 misc:965 imb:9 pmb:31 smb:17072 d:- ref:0 ;
in:978 out:978 type:B dur:2 cpbdur:2 q:24.42 aq:27.71 tex:2380 mv:69 misc:783 imb:2 pmb:14 smb:17096 d:- ref:0 ;
in:977 out:979 type:b dur:6 cpbdur:6 q:24.45 aq:25.00 tex:4 mv:23 misc:741 imb:0 pmb:8 smb:17104 d:- ref:0 ;
in:979 out:980 type:b dur:2 cpbdur:2 q:24.39 aq:28.34 tex:2047 mv:51 misc:750 imb:0 pmb:16 smb:17096 d:- ref:0 ;
in:984 out:981 type:P dur:2 cpbdur:2 q:24.18 aq:15.16 tex:3404 mv:153 misc:987 imb:14 pmb:30 smb:17068 d:- ref:0 ;
in:982 out:982 type:B dur:2 cpbdur:2 q:24.27 aq:27.81 tex:1854 mv:102 misc:764 imb:1 pmb:13 smb:17098 d:- ref:0 ;
in:981 out:983 type:b dur:2 cpbdur:2 q:24.32 aq:28.20 tex:2433 mv:80 misc:743 imb:2 pmb:11 smb:17099 d:- ref:0 ;
in:983 out:984 type:b dur:2 cpbdur:2 q:24.22 aq:28.12 tex:75 mv:72 misc:741 imb:0 pmb:8 smb:17104 d:- ref:0 ;
in:988 out:985 type:P dur:2 cpbdur:2 q:23.28 aq:14.75 tex:1589 mv:156 misc:1127 imb:2 pmb:59 smb:17051 d:- ref:0 ;
in:986 out:986 type:B dur:2 cpbdur:2 q:23.73 aq:23.00 tex:3 mv:17 misc:756 imb:0 pmb:5 smb:17107 d:- ref:0 ;
in:985 out:987 type:b dur:2 cpbdur:2 q:23.96 aq:25.00 tex:2 mv:14 misc:736 imb:0 pmb:5 smb:17107 d:- ref:0 ;
in:987 out:988 type:b dur:2 cpbdur:2 q:23.51 aq:24.00 tex:0 mv:0 misc:720 imb:0 pmb:0 smb:17112 d:- ref:0 ;
in:992 out:989 type:P dur:2 cpbdur:2 q:23.26 aq:14.56 tex:49202 mv:5847 misc:1871 imb:861 pmb:270 smb:15981 d:- ref:0 ;
in:990 out:990 type:B dur:2 cpbdur:2 q:23.27 aq:21.97 tex:411 mv:506 misc:1115 imb:5 pmb:298 smb:16809 d:- ref:0 ;
in:989 out:991 type:b dur:2 cpbdur:2 q:23.28 aq:23.51 tex:326 mv:463 misc:1099 imb:6 pmb:342 smb:16764 d:- ref:0 ;
in:991 out:992 type:b dur:2 cpbdur:2 q:23.27 aq:22.83 tex:55 mv:19 misc:758 imb:0 pmb:5 smb:17107 d:- ref:0 ;
in:996 out:993 type:P dur:2 cpbdur:2 q:23.24 aq:11.32 tex:5646 mv:543 misc:1715 imb:43 pmb:170 smb:16899 d:- ref:0 ;
in:994 out:994 type:B dur:2 cpbdur:2 q:23.25 aq:21.88 tex:46 mv:19 misc:775 imb:0 pmb:5 smb:17107 d:- ref:0 ;
in:993 out:995 type:b dur:2 cpbdur:2 q:23.26 aq:24.00 tex:0 mv:0 misc:720 imb:0 pmb:0 smb:17112 d:- ref:0 ;
in:995 out:996 type:b dur:2 cpbdur:2 q:23.24 aq:24.00 tex:0 mv:0 misc:720 imb:0 pmb:0 smb:17112 d:- ref:0 ;
in:1000 out:997 type:P dur:4 cpbdur:4 q:20.80 aq:14.34 tex:5749 mv:380 misc:1383 imb:27 pmb:100 smb:16985 d:- ref:0 ;
in:998 out:998 type:B dur:4 cpbdur:4 q:22.02 aq:12.54 tex:3182 mv:161 misc:985 imb:2 pmb:49 smb:17061 d:- ref:0 ;
in:997 out:999 type:b dur:18 cpbdur:18 q:22.63 aq:13.32 tex:29 mv:43 misc:752 imb:2 pmb:7 smb:17103 d:- ref:0 ;
in:999 out:1000 type:b dur:2 cpbdur:2 q:21.41 aq:14.06 tex:2551 mv:106 misc:815 imb:5 pmb:18 smb:17089 d:- ref:0 ;
in:1004 out:1001 type:P dur:2 cpbdur:2 q:23.18 aq:12.72 tex:3697 mv:195 misc:1076 imb:10 pmb:55 smb:17047 d:- ref:0 ;
in:1002 out:1002 type:B dur:2 cpbdur:2 q:21.99 aq:23.68 tex:2788 mv:91 misc:849 imb:2 pmb:23 smb:17087 d:- ref:0 ;
in:1001 out:1003 type:b dur:2 cpbdur:2 q:21.40 aq:13.87 tex:2803 mv:98 misc:819 imb:3 pmb:22 smb:17087 d:- ref:0 ;
in:1003 out:1004 type:b dur:2 cpbdur:2 q:22.59 aq:19.05 tex:2532 mv:92 misc:808 imb:4 pmb:17 smb:17091 d:- ref:0 ;
in:1008 out:1005 type:P dur:2 cpbdur:2 q:23.16 aq:12.18 tex:2982 mv:160 misc:986 imb:6 pmb:42 smb:17064 d:- ref:0 ;
in:1006 out:1006 type:B dur:2 cpbdur:2 q:23.17 aq:26.97 tex:1227 mv:80 misc:797 imb:0 pmb:13 smb:17099 d:- ref:0 ;
in:1005 out:1007 type:b dur:2 cpbdur:2 q:23.18 aq:29.94 tex:480 mv:51 misc:741 imb:0 pmb:7 smb:17105 d:- ref:0 ;
in:1007 out:1008 type:b dur:2 cpbdur:2 q:23.17 aq:24.00 tex:1 mv:8 misc:735 imb:0 pmb:2 smb:17110 d:- ref:0 ;
in:1012 out:1009 type:P dur:2 cpbdur:2 q:23.14 aq:14.21 tex:667 mv:55 misc:934 imb:0 pmb:30 smb:17082 d:- ref:0 ;
in:1010 out:1010 type:B dur:2 cpbdur:2 q:23.15 aq:21.72 tex:80 mv:14 misc:778 imb:0 pmb:5 smb:17107 d:- ref:0 ;
in:1009 out:1011 type:b dur:2 cpbdur:2 q:23.16 aq:24.00 tex:0 mv:0 misc:720 imb:0 pmb:0 smb:17112 d:- ref:0 ;
in:1011 out:1012 type:b dur:2 cpbdur:2 q:23.15 aq:24.00 tex:0 mv:0 misc:720 imb:0 pmb:0 smb:17112 d:- ref:0 ;
in:1016 out:1013 type:P dur:2 cpbdur:2 q:23.11 aq:14.46 tex:724 mv:69 misc:991 imb:0 pmb:37 smb:17075 d:- ref:0 ;
in:1014 out:1014 type:B dur:2 cpbdur:2 q:23.12 aq:21.72 tex:113 mv:16 misc:783 imb:0 pmb:6 smb:17106 d:- ref:0 ;
in:1013 out:1015 type:b dur:2 cpbdur:2 q:23.13 aq:23.96 tex:46 mv:4 misc:726 imb:0 pmb:1 smb:17111 d:- ref:0 ;
in:1015 out:1016 type:b dur:2 cpbdur:2 q:23.11 aq:24.00 tex:0 mv:0 misc:720 imb:0 pmb:0 smb:17112 d:- ref:0 ;
in:1020 out:1017 type:P dur:2 cpbdur:2 q:23.04 aq:14.54 tex:744 mv:98 misc:1030 imb:1 pmb:57 smb:17054 d:- ref:0 ;
in:1018 out:1018 type:B dur:2 cpbdur:2 q:23.07 aq:21.73 tex:107 mv:21 misc:792 imb:0 pmb:7 smb:17105 d:- ref:0 ;
in:1017 out:1019 type:b dur:2 cpbdur:2 q:23.09 aq:24.00 tex:1 mv:3 misc:724 imb:0 pmb:1 smb:17111 d:- ref:0 ;
in:1019 out:1020 type:b dur:2 cpbdur:2 q:23.05 aq:17.74 tex:92 mv:33 misc:763 imb:2 pmb:3 smb:17107 d:- ref:0 ;
in:1024 out:1021 type:P dur:2 cpbdur:2 q:23.01 aq:15.38 tex:819 mv:105 misc:1004 imb:3 pmb:40 smb:17069 d:- ref:0 ;
in:1022 out:1022 type:B dur:2 cpbdur:2 q:23.02 aq:21.72 tex:101 mv:21 misc:790 imb:0 pmb:7 smb:17105 d:- ref:0 ;
in:1021 out:1023 type:b dur:2 cpbdur:2 q:23.03 aq:24.00 tex:79 mv:9 misc:728 imb:0 pmb:2 smb:17110 d:- ref:0 ;
in:1023 out:1024 type:b dur:2 cpbdur:2 q:23.02 aq:17.74 tex:90 mv:33 misc:757 imb:2 pmb:3 smb:17107 d:- ref:0 ;
in:1028 out:1025 type:P dur:2 cpbdur:2 q:22.99 aq:15.14 tex:7494 mv:440 misc:1642 imb:13 pmb:203 smb:16896 d:- ref:0 ;
in:1026 out:1026 type:B dur:2 cpbdur:2 q:23.00 aq:20.83 tex:94 mv:40 misc:826 imb:0 pmb:13 smb:17099 d:- ref:0 ;
in:1025 out:1027 type:b dur:2 cpbdur:2 q:23.01 aq:24.00 tex:0 mv:0 misc:720 imb:0 pmb:0 smb:17112 d:- ref:0 ;
in:1027 out:1028 type:b dur:2 cpbdur:2 q:23.00 aq:24.00 tex:1 mv:4 misc:731 imb:0 pmb:1 smb:17111 d:- ref:0 ;
in:1032 out:1029 type:P dur:2 cpbdur:2 q:22.97 aq:15.59 tex:4022 mv:248 misc:1346 imb:4 pmb:131 smb:16977 d:- ref:0 ;
in:1030 out:1030 type:B dur:2 cpbdur:2 q:22.98 aq:17.39 tex:191 mv:54 misc:835 imb:0 pmb:15 smb:17097 d:- ref:0 ;
in:1029 out:1031 type:b dur:4 cpbdur:4 q:22.98 aq:24.00 tex:0 mv:0 misc:720 imb:0 pmb:0 smb:17112 d:- ref:0 ;
in:1031 out:1032 type:b dur:2 cpbdur:2 q:22.97 aq:24.00 tex:0 mv:0 misc:720 imb:0 pmb:0 smb:17112 d:- ref:0 ;
in:1036 out:1033 type:P dur:2 cpbdur:2 q:22.94 aq:15.06 tex:1812 mv:88 misc:1028 imb:2 pmb:49 smb:17061 d:- ref:0 ;
in:1034 out:1034 type:B dur:2 cpbdur:2 q:22.96 aq:17.80 tex:137 mv:37 misc:786 imb:0 pmb:7 smb:17105 d:- ref:0 ;
in:1033 out:1035 type:b dur:2 cpbdur:2 q:22.96 aq:24.00 tex:0 mv:0 misc:720 imb:0 pmb:0 smb:17112 d:- ref:0 ;
in:1035 out:1036 type:b dur:2 cpbdur:2 q:22.95 aq:24.00 tex:0 mv:0 misc:720 imb:0 pmb:0 smb:17112 d:- ref:0 ;
in:1040 out:1037 type:P dur:2 cpbdur:2 q:22.92 aq:17.23 tex:1508 mv:220 misc:1096 imb:4 pmb:67 smb:17041 d:- ref:0 ;
in:1038 out:1038 type:B dur:2 cpbdur:2 q:22.93 aq:17.80 tex:137 mv:37 misc:786 imb:0 pmb:7 smb:17105 d:- ref:0 ;
in:1037 out:1039 type:b dur:2 cpbdur:2 q:22.94 aq:24.00 tex:0 mv:0 misc:720 imb:0 pmb:0 smb:17112 d:- ref:0 ;
in:1039 out:1040 type:b dur:2 cpbdur:2 q:22.93 aq:24.00 tex:3 mv:17 misc:748 imb:0 pmb:6 smb:17106 d:- ref:0 ;
in:1044 out:1041 type:P dur:2 cpbdur:2 q:22.90 aq:11.59 tex:997 mv:121 misc:1034 imb:4 pmb:43 smb:17065 d:- ref:0 ;
in:1042 out:1042 type:B dur:2 cpbdur:2 q:22.91 aq:17.80 tex:137 mv:37 misc:786 imb:0 pmb:7 smb:17105 d:- ref:0 ;
in:1041 out:1043 type:b dur:2 cpbdur:2 q:22.92 aq:24.00 tex:0 mv:0 misc:720 imb:0 pmb:0 smb:17112 d:- ref:0 ;
in:1043 out:1044 type:b dur:2 cpbdur:2 q:22.91 aq:24.00 tex:0 mv:0 misc:720 imb:0 pmb:0 smb:17112 d:- ref:0 ;
in:1048 out:1045 type:P dur:2 cpbdur:2 q:22.88 aq:13.01 tex:1377 mv:145 misc:1030 imb:8 pmb:38 smb:17066 d:- ref:0 ;
in:1046 out:1046 type:B dur:2 cpbdur:2 q:22.89 aq:17.79 tex:148 mv:39 misc:797 imb:0 pmb:8 smb:17104 d:- ref:0 ;
in:1045 out:1047 type:b dur:2 cpbdur:2 q:22.89 aq:24.00 tex:0 mv:0 misc:720 imb:0 pmb:0 smb:17112 d:- ref:0 ;
in:1047 out:1048 type:b dur:2 cpbdur:2 q:22.88 aq:24.00 tex:0 mv:0 misc:720 imb:0 pmb:0 smb:17112 d:- ref:0 ;
in:1052 out:1049 type:P dur:4 cpbdur:4 q:20.45 aq:10.26 tex:2273 mv:202 misc:1101 imb:15 pmb:44 smb:17053 d:- ref:0 ;
in:1050 out:1050 type:B dur:4 cpbdur:4 q:21.66 aq:16.39 tex:197 mv:42 misc:825 imb:0 pmb:12 smb:17100 d:- ref:0 ;
in:1049 out:1051 type:b dur:4 cpbdur:4 q:22.27 aq:23.00 tex:0 mv:0 misc:720 imb:0 pmb:0 smb:17112 d:- ref:0 ;
in:1051 out:1052 type:b dur:4 cpbdur:4 q:21.06 aq:20.83 tex:80 mv:28 misc:780 imb:0 pmb:8 smb:17104 d:- ref:0 ;
in:1054 out:1053 type:P dur:2 cpbdur:2 q:22.83 aq:12.28 tex:465459 mv:22044 misc:5945 imb:6793 pmb:2359 smb:7960 d:- ref:0 w:4,15,2,7,123,5,122,6 ;
in:1053 out:1054 type:b dur:2 cpbdur:2 q:21.64 aq:14.88 tex:846 mv:945 misc:4857 imb:9 pmb:1896 smb:15207 d:- ref:0 ;
in:1055 out:1055 type:P dur:2 cpbdur:2 q:22.82 aq:12.60 tex:529774 mv:26317 misc:4141 imb:7956 pmb:3683 smb:5473 d:- ref:0 w:7,121,2,7,124,4,123,5 ;
in:1056 out:1056 type:P dur:2 cpbdur:2 q:22.81 aq:12.55 tex:627289 mv:28029 misc:3522 imb:9119 pmb:3806 smb:4187 d:- ref:0 w:7,121,2,7,124,4,123,5 ;
in:1057 out:1057 type:P dur:2 cpbdur:2 q:22.80 aq:12.72 tex:855266 mv:29605 misc:3249 imb:9775 pmb:3881 smb:3456 d:- ref:0 w:4,15,2,7,124,4,123,5 ;
in:1058 out:1058 type:P dur:2 cpbdur:2 q:22.80 aq:13.74 tex:913913 mv:28114 misc:4597 imb:7585 pmb:3930 smb:5597 d:- ref:0 w:6,61,1,5,32,0,31,4 ;
in:1062 out:1059 type:P dur:2 cpbdur:2 q:22.79 aq:10.43 tex:1565583 mv:42044 misc:1909 imb:13813 pmb:1987 smb:1312 d:- ref:0 w:4,19,-6 ;
in:1060 out:1060 type:B dur:2 cpbdur:2 q:22.80 aq:20.49 tex:78528 mv:4928 misc:4952 imb:419 pmb:1915 smb:14778 d:- ref:0 ;
in:1059 out:1061 type:b dur:2 cpbdur:2 q:22.80 aq:15.05 tex:6853 mv:8923 misc:2808 imb:1529 pmb:361 smb:15222 d:- ref:0 ;
in:1061 out:1062 type:b dur:2 cpbdur:2 q:22.79 aq:21.70 tex:6960 mv:2420 misc:2572 imb:173 pmb:567 smb:16372 d:- ref:0 ;
in:1065 out:1063 type:P dur:2 cpbdur:2 q:24.40 aq:9.00 tex:625748 mv:25620 misc:2360 imb:12686 pmb:2249 smb:2177 d:- ref:0 w:5,37,-5,6,69,-10,70,-12 ;
in:1063 out:1064 type:B dur:2 cpbdur:2 q:23.33 aq:19.77 tex:18729 mv:7427 misc:3964 imb:1099 pmb:944 smb:15069 d:- ref:0 ;
in:1064 out:1065 type:b dur:2 cpbdur:2 q:23.87 aq:17.48 tex:14768 mv:3898 misc:4230 imb:250 pmb:1426 smb:15436 d:- ref:0 ;
in:1069 out:1066 type:P dur:4 cpbdur:4 q:22.40 aq:12.02 tex:103284 mv:6864 misc:5828 imb:2532 pmb:1701 smb:12879 d:- ref:0 ;
in:1067 out:1067 type:B dur:4 cpbdur:4 q:23.40 aq:19.93 tex:373 mv:327 misc:2588 imb:1 pmb:728 smb:16383 d:- ref:0 ;
in:1066 out:1068 type:b dur:2 cpbdur:2 q:23.90 aq:9.69 tex:597 mv:1656 misc:2499 imb:129 pmb:573 smb:16410 d:- ref:0 ;
in:1068 out:1069 type:b dur:2 cpbdur:2 q:22.90 aq:26.54 tex:110 mv:163 misc:847 imb:1 pmb:37 smb:17074 d:- ref:0 ;
in:1073 out:1070 type:P dur:2 cpbdur:2 q:25.27 aq:14.82 tex:2708 mv:238 misc:1342 imb:20 pmb:92 smb:17000 d:- ref:0 ;
in:1071 out:1071 type:B dur:2 cpbdur:2 q:23.84 aq:12.38 tex:73 mv:46 misc:801 imb:0 pmb:21 smb:17091 d:- ref:0 ;
in:1070 out:1072 type:b dur:4 cpbdur:4 q:23.12 aq:13.39 tex:64 mv:47 misc:777 imb:0 pmb:20 smb:17092 d:- ref:0 ;
in:1072 out:1073 type:b dur:2 cpbdur:2 q:24.56 aq:15.24 tex:31 mv:5 misc:732 imb:0 pmb:1 smb:17111 d:- ref:0 ;
in:1077 out:1074 type:P dur:2 cpbdur:2 q:27.08 aq:19.40 tex:353 mv:57 misc:886 imb:1 pmb:21 smb:17090 d:- ref:0 ;
in:1075 out:1075 type:B dur:2 cpbdur:2 q:26.18 aq:15.24 tex:31 mv:5 misc:748 imb:0 pmb:1 smb:17111 d:- ref:0 ;
in:1074 out:1076 type:b dur:2 cpbdur:2 q:25.72 aq:26.00 tex:0 mv:0 misc:720 imb:0 pmb:0 smb:17112 d:- ref:0 ;
in:1076 out:1077 type:b dur:2 cpbdur:2 q:26.63 aq:27.00 tex:0 mv:0 misc:720 imb:0 pmb:0 smb:17112 d:- ref:0 ;
in:1081 out:1078 type:P dur:2 cpbdur:2 q:26.72 aq:21.63 tex:2278 mv:113 misc:913 imb:6 pmb:27 smb:17079 d:- ref:0 ;
in:1079 out:1079 type:B dur:2 cpbdur:2 q:26.90 aq:32.93 tex:713 mv:34 misc:765 imb:1 pmb:7 smb:17104 d:- ref:0 ;
in:1078 out:1080 type:b dur:2 cpbdur:2 q:26.99 aq:28.00 tex:2 mv:3 misc:731 imb:0 pmb:1 smb:17111 d:- ref:0 ;
in:1080 out:1081 type:b dur:2 cpbdur:2 q:26.81 aq:32.55 tex:1927 mv:51 misc:758 imb:1 pmb:11 smb:17100 d:- ref:0 ;
in:1085 out:1082 type:P dur:2 cpbdur:2 q:26.51 aq:17.38 tex:91178 mv:442 misc:3644 imb:15 pmb:925 smb:16172 d:- ref:0 ;
in:1083 out:1083 type:B dur:2 cpbdur:2 q:26.61 aq:30.15 tex:1797 mv:70 misc:805 imb:1 pmb:20 smb:17091 d:- ref:0 ;
in:1082 out:1084 type:b dur:2 cpbdur:2 q:26.67 aq:30.44 tex:1988 mv:71 misc:773 imb:2 pmb:15 smb:17095 d:- ref:0 ;
in:1084 out:1085 type:b dur:2 cpbdur:2 q:26.56 aq:28.90 tex:1840 mv:86 misc:762 imb:1 pmb:15 smb:17096 d:- ref:0 ;
in:1089 out:1086 type:P dur:2 cpbdur:2 q:26.40 aq:17.38 tex:22353 mv:243 misc:2628 imb:7 pmb:429 smb:16676 d:- ref:0 ;
in:1087 out:1087 type:B dur:2 cpbdur:2 q:26.46 aq:28.27 tex:35 mv:17 misc:780 imb:0 pmb:5 smb:17107 d:- ref:0 ;
in:1086 out:1088 type:b dur:2 cpbdur:2 q:26.48 aq:27.00 tex:1 mv:6 misc:737 imb:0 pmb:2 smb:17110 d:- ref:0 ;
in:1088 out:1089 type:b dur:2 cpbdur:2 q:26.43 aq:27.00 tex:0 mv:0 misc:720 imb:0 pmb:0 smb:17112 d:- ref:0 ;
in:1093 out:1090 type:P dur:2 cpbdur:2 q:26.29 aq:16.10 tex:12969 mv:276 misc:2171 imb:12 pmb:269 smb:16831 d:- ref:0 ;
in:1091 out:1091 type:B dur:2 cpbdur:2 q:26.35 aq:25.00 tex:0 mv:0 misc:736 imb:0 pmb:0 smb:17112 d:- ref:0 ;
in:1090 out:1092 type:b dur:2 cpbdur:2 q:26.38 aq:27.00 tex:0 mv:0 misc:720 imb:0 pmb:0 smb:17112 d:- ref:0 ;
in:1092 out:1093 type:b dur:2 cpbdur:2 q:26.32 aq:27.00 tex:0 mv:0 misc:720 imb:0 pmb:0 smb:17112 d:- ref:0 ;
in:1097 out:1094 type:P dur:12 cpbdur:12 q:19.88 aq:13.80 tex:98854 mv:1400 misc:5098 imb:98 pmb:1474 smb:15540 d:- ref:0 ;
in:1095 out:1095 type:B dur:2 cpbdur:2 q:23.08 aq:12.24 tex:37 mv:29 misc:774 imb:1 pmb:4 smb:17107 d:- ref:0 ;
in:1094 out:1096 type:b dur:2 cpbdur:2 q:24.69 aq:25.00 tex:0 mv:0 misc:720 imb:0 pmb:0 smb:17112 d:- ref:0 ;
in:1096 out:1097 type:b dur:2 cpbdur:2 q:21.48 aq:11.22 tex:45 mv:17 misc:746 imb:1 pmb:2 smb:17109 d:- ref:0 ;
in:1101 out:1098 type:P dur:2 cpbdur:2 q:23.88 aq:13.74 tex:102188 mv:883 misc:5129 imb:44 pmb:1467 smb:15601 d:- ref:0 ;
in:1099 out:1099 type:B dur:2 cpbdur:2 q:21.88 aq:19.47 tex:2740 mv:122 misc:818 imb:3 pmb:21 smb:17088 d:- ref:0 ;
in:1098 out:1100 type:b dur:2 cpbdur:2 q:20.88 aq:11.79 tex:60 mv:123 misc:777 imb:2 pmb:12 smb:17098 d:- ref:0 ;
in:1100 out:1101 type:b dur:2 cpbdur:2 q:22.88 aq:12.11 tex:2503 mv:113 misc:768 imb:4 pmb:13 smb:17095 d:- ref:0 ;
in:1105 out:1102 type:P dur:2 cpbdur:2 q:25.92 aq:13.98 tex:3754 mv:224 misc:1182 imb:16 pmb:61 smb:17035 d:- ref:0 ;
in:1103 out:1103 type:B dur:2 cpbdur:2 q:24.90 aq:27.80 tex:2300 mv:78 misc:798 imb:2 pmb:17 smb:17093 d:- ref:0 ;
in:1102 out:1104 type:b dur:2 cpbdur:2 q:24.39 aq:17.65 tex:2437 mv:105 misc:778 imb:5 pmb:16 smb:17091 d:- ref:0 ;
in:1104 out:1105 type:b dur:2 cpbdur:2 q:25.41 aq:28.33 tex:2039 mv:86 misc:747 imb:2 pmb:13 smb:17097 d:- ref:0 ;
in:1109 out:1106 type:P dur:2 cpbdur:2 q:25.90 aq:13.73 tex:4471 mv:185 misc:1080 imb:11 pmb:45 smb:17056 d:- ref:0 ;
in:1107 out:1107 type:B dur:2 cpbdur:2 q:25.91 aq:24.00 tex:6 mv:76 misc:758 imb:0 pmb:12 smb:17100 d:- ref:0 ;
in:1106 out:1108 type:b dur:2 cpbdur:2 q:25.92 aq:29.89 tex:663 mv:89 misc:736 imb:0 pmb:12 smb:17100 d:- ref:0 ;
in:1108 out:1109 type:b dur:2 cpbdur:2 q:25.91 aq:27.00 tex:4 mv:49 misc:731 imb:0 pmb:7 smb:17105 d:- ref:0 ;
in:1113 out:1110 type:P dur:2 cpbdur:2 q:25.86 aq:11.61 tex:1010 mv:189 misc:1097 imb:9 pmb:46 smb:17057 d:- ref:0 ;
in:1111 out:1111 type:B dur:2 cpbdur:2 q:25.88 aq:24.00 tex:3 mv:19 misc:754 imb:0 pmb:7 smb:17105 d:- ref:0 ;
in:1110 out:1112 type:b dur:2 cpbdur:2 q:25.89 aq:27.00 tex:3 mv:17 misc:740 imb:0 pmb:7 smb:17105 d:- ref:0 ;
in:1112 out:1113 type:b dur:2 cpbdur:2 q:25.87 aq:27.00 tex:0 mv:0 misc:720 imb:0 pmb:0 smb:17112 d:- ref:0 ;
in:1117 out:1114 type:P dur:2 cpbdur:2 q:25.94 aq:13.49 tex:805 mv:132 misc:1031 imb:8 pmb:34 smb:17070 d:- ref:0 ;
in:1115 out:1115 type:B dur:2 cpbdur:2 q:25.90 aq:24.00 tex:0 mv:0 misc:736 imb:0 pmb:0 smb:17112 d:- ref:0 ;
in:1114 out:1116 type:b dur:2 cpbdur:2 q:25.88 aq:27.00 tex:0 mv:0 misc:720 imb:0 pmb:0 smb:17112 d:- ref:0 ;
in:1116 out:1117 type:b dur:2 cpbdur:2 q:25.92 aq:27.00 tex:0 mv:0 misc:720 imb:0 pmb:0 smb:17112 d:- ref:0 ;
in:1121 out:1118 type:P dur:2 cpbdur:2 q:26.17 aq:5.13 tex:888 mv:581 misc:1339 imb:134 pmb:27 smb:16951 d:- ref:0 ;
in:1119 out:1119 type:B dur:2 cpbdur:2 q:26.06 aq:25.00 tex:0 mv:0 misc:736 imb:0 pmb:0 smb:17112 d:- ref:0 ;
in:1118 out:1120 type:b dur:2 cpbdur:2 q:26.00 aq:27.00 tex:0 mv:0 misc:720 imb:0 pmb:0 smb:17112 d:- ref:0 ;
in:1120 out:1121 type:b dur:2 cpbdur:2 q:26.11 aq:27.00 tex:0 mv:0 misc:720 imb:0 pmb:0 smb:17112 d:- ref:0 ;
in:1125 out:1122 type:P dur:2 cpbdur:2 q:26.14 aq:18.53 tex:2096 mv:118 misc:866 imb:10 pmb:16 smb:17086 d:- ref:0 ;
in:1123 out:1123 type:B dur:4 cpbdur:4 q:26.16 aq:13.50 tex:103 mv:99 misc:814 imb:0 pmb:20 smb:17092 d:- ref:0 ;
in:1122 out:1124 type:b dur:84 cpbdur:84 q:26.16 aq:17.52 tex:28 mv:45 misc:743 imb:1 pmb:7 smb:17104 d:- ref:0 ;
in:1124 out:1125 type:b dur:2 cpbdur:2 q:26.15 aq:26.76 tex:1841 mv:88 misc:767 imb:2 pmb:16 smb:17094 d:- ref:0 ;
in:1127 out:1126 type:P dur:2 cpbdur:2 q:25.22 aq:22.51 tex:2046 mv:84 misc:798 imb:11 pmb:3 smb:17098 d:- ref:0 ;
in:1126 out:1127 type:b dur:2 cpbdur:2 q:25.68 aq:25.63 tex:1951 mv:70 misc:763 imb:2 pmb:15 smb:17095 d:- ref:0 ;
in:1128 out:1128 type:I dur:2 cpbdur:2 q:22.55 aq:5.09 tex:1176897 mv:84675 misc:660 imb:17112 pmb:0 smb:0 d:- ref:;
in:1132 out:1129 type:P dur:2 cpbdur:2 q:27.45 aq:21.93 tex:7542 mv:76 misc:1574 imb:0 pmb:155 smb:16957 d:- ref:0 ;
in:1130 out:1130 type:B dur:2 cpbdur:2 q:27.45 aq:27.00 tex:2 mv:16 misc:766 imb:0 pmb:6 smb:17106 d:- ref:0 ;
in:1129 out:1131 type:b dur:2 cpbdur:2 q:27.45 aq:28.00 tex:3 mv:7 misc:742 imb:0 pmb:3 smb:17109 d:- ref:0 ;
in:1131 out:1132 type:b dur:2 cpbdur:2 q:27.45 aq:28.00 tex:0 mv:0 misc:720 imb:0 pmb:0 smb:17112 d:- ref:0 ;
in:1136 out:1133 type:P dur:2 cpbdur:2 q:27.13 aq:20.80 tex:692 mv:60 misc:936 imb:1 pmb:23 smb:17088 d:- ref:0 ;
in:1134 out:1134 type:B dur:2 cpbdur:2 q:27.29 aq:27.00 tex:0 mv:0 misc:736 imb:0 pmb:0 smb:17112 d:- ref:0 ;
in:1133 out:1135 type:b dur:2 cpbdur:2 q:27.37 aq:28.00 tex:0 mv:0 misc:720 imb:0 pmb:0 smb:17112 d:- ref:0 ;
in:1135 out:1136 type:b dur:2 cpbdur:2 q:27.21 aq:28.00 tex:0 mv:0 misc:720 imb:0 pmb:0 smb:17112 d:- ref:0 ;
in:1140 out:1137 type:P dur:16 cpbdur:16 q:19.96 aq:19.89 tex:2119 mv:90 misc:1175 imb:1 pmb:68 smb:17043 d:- ref:0 ;
in:1138 out:1138 type:B dur:2 cpbdur:2 q:23.55 aq:23.00 tex:0 mv:0 misc:736 imb:0 pmb:0 smb:17112 d:- ref:0 ;
in:1137 out:1139 type:b dur:2 cpbdur:2 q:25.34 aq:26.00 tex:0 mv:0 misc:720 imb:0 pmb:0 smb:17112 d:- ref:0 ;
in:1139 out:1140 type:b dur:2 cpbdur:2 q:21.76 aq:22.00 tex:0 mv:0 misc:720 imb:0 pmb:0 smb:17112 d:- ref:0 ;
in:1144 out:1141 type:P dur:2 cpbdur:2 q:23.96 aq:17.29 tex:36254 mv:382 misc:2884 imb:12 pmb:554 smb:16546 d:- ref:0 ;
in:1142 out:1142 type:B dur:2 cpbdur:2 q:21.96 aq:26.87 tex:3303 mv:205 misc:916 imb:4 pmb:32 smb:17076 d:- ref:0 ;
in:1141 out:1143 type:b dur:2 cpbdur:2 q:20.96 aq:22.00 tex:6 mv:68 misc:782 imb:0 pmb:12 smb:17100 d:- ref:0 ;
in:1143 out:1144 type:b dur:2 cpbdur:2 q:22.96 aq:23.87 tex:2478 mv:95 misc:779 imb:2 pmb:18 smb:17092 d:- ref:0 ;
in:1148 out:1145 type:P dur:2 cpbdur:2 q:25.44 aq:14.83 tex:2796 mv:145 misc:947 imb:10 pmb:28 smb:17074 d:- ref:0 ;
in:1146 out:1146 type:B dur:2 cpbdur:2 q:24.70 aq:24.70 tex:2209 mv:70 misc:785 imb:2 pmb:15 smb:17095 d:- ref:0 ;
in:1145 out:1147 type:b dur:2 cpbdur:2 q:24.33 aq:24.88 tex:2399 mv:84 misc:765 imb:3 pmb:17 smb:17092 d:- ref:0 ;
in:1147 out:1148 type:b dur:2 cpbdur:2 q:25.07 aq:26.76 tex:2122 mv:44 misc:762 imb:0 pmb:15 smb:17097 d:- ref:0 ;
in:1152 out:1149 type:P dur:2 cpbdur:2 q:25.29 aq:19.90 tex:5632 mv:160 misc:1208 imb:9 pmb:85 smb:17018 d:- ref:0 ;
in:1150 out:1150 type:B dur:2 cpbdur:2 q:25.37 aq:25.19 tex:2343 mv:77 misc:796 imb:3 pmb:14 smb:17095 d:- ref:0 ;
in:1149 out:1151 type:b dur:2 cpbdur:2 q:25.40 aq:23.58 tex:1991 mv:95 misc:770 imb:5 pmb:12 smb:17095 d:- ref:0 ;
in:1151 out:1152 type:b dur:2 cpbdur:2 q:25.33 aq:26.61 tex:2236 mv:95 misc:765 imb:5 pmb:14 smb:17093 d:- ref:0 ;
in:1155 out:1153 type:P dur:2 cpbdur:2 q:24.90 aq:15.59 tex:6547 mv:229 misc:1392 imb:12 pmb:123 smb:16977 d:- ref:0 ;
in:1153 out:1154 type:B dur:2 cpbdur:2 q:25.16 aq:20.88 tex:2079 mv:74 misc:791 imb:3 pmb:13 smb:17096 d:- ref:0 ;
in:1154 out:1155 type:b dur:2 cpbdur:2 q:25.03 aq:21.73 tex:1874 mv:105 misc:765 imb:8 pmb:8 smb:17096 d:- ref:0 ;
in:1159 out:1156 type:P dur:2 cpbdur:2 q:24.74 aq:15.82 tex:24662 mv:251 misc:2559 imb:6 pmb:407 smb:16699 d:- ref:0 ;
in:1157 out:1157 type:B dur:2 cpbdur:2 q:24.82 aq:24.00 tex:5 mv:17 misc:754 imb:0 pmb:6 smb:17106 d:- ref:0 ;
in:1156 out:1158 type:b dur:2 cpbdur:2 q:24.86 aq:26.46 tex:488 mv:107 misc:741 imb:1 pmb:8 smb:17103 d:- ref:0 ;
in:1158 out:1159 type:b dur:2 cpbdur:2 q:24.78 aq:25.00 tex:0 mv:0 misc:720 imb:0 pmb:0 smb:17112 d:- ref:0 ;
in:1163 out:1160 type:P dur:2 cpbdur:2 q:24.71 aq:12.73 tex:10217 mv:311 misc:1808 imb:10 pmb:218 smb:16884 d:- ref:0 ;
in:1161 out:1161 type:B dur:2 cpbdur:2 q:24.73 aq:23.00 tex:0 mv:0 misc:736 imb:0 pmb:0 smb:17112 d:- ref:0 ;
in:1160 out:1162 type:b dur:2 cpbdur:2 q:24.73 aq:25.00 tex:0 mv:0 misc:720 imb:0 pmb:0 smb:17112 d:- ref:0 ;
in:1162 out:1163 type:b dur:2 cpbdur:2 q:24.72 aq:25.00 tex:0 mv:0 misc:720 imb:0 pmb:0 smb:17112 d:- ref:0 ;
in:1167 out:1164 type:P dur:2 cpbdur:2 q:24.63 aq:11.52 tex:2892 mv:197 misc:1239 imb:4 pmb:85 smb:17023 d:- ref:0 ;
in:1165 out:1165 type:B dur:4 cpbdur:4 q:24.67 aq:24.00 tex:0 mv:0 misc:736 imb:0 pmb:0 smb:17112 d:- ref:0 ;
in:1164 out:1166 type:b dur:2 cpbdur:2 q:24.69 aq:25.00 tex:0 mv:0 misc:720 imb:0 pmb:0 smb:17112 d:- ref:0 ;
in:1166 out:1167 type:b dur:2 cpbdur:2 q:24.65 aq:25.00 tex:0 mv:0 misc:720 imb:0 pmb:0 smb:17112 d:- ref:0 ;
in:1171 out:1168 type:P dur:2 cpbdur:2 q:24.54 aq:16.06 tex:7308 mv:300 misc:1312 imb:18 pmb:96 smb:16998 d:- ref:0 ;
in:1169 out:1169 type:B dur:2 cpbdur:2 q:24.59 aq:25.32 tex:2171 mv:74 misc:771 imb:2 pmb:13 smb:17097 d:- ref:0 ;
in:1168 out:1170 type:b dur:4 cpbdur:4 q:24.61 aq:25.00 tex:4 mv:20 misc:744 imb:0 pmb:7 smb:17105 d:- ref:0 ;
in:1170 out:1171 type:b dur:4 cpbdur:4 q:24.56 aq:26.74 tex:1935 mv:62 misc:763 imb:1 pmb:16 smb:17095 d:- ref:0 ;
in:1173 out:1172 type:P dur:2 cpbdur:2 q:24.43 aq:8.23 tex:25670 mv:2228 misc:1862 imb:841 pmb:230 smb:16041 d:- ref:0 ;
in:1172 out:1173 type:b dur:2 cpbdur:2 q:24.48 aq:26.75 tex:2273 mv:111 misc:888 imb:0 pmb:116 smb:16996 d:- ref:0 ;
in:1177 out:1174 type:P dur:2 cpbdur:2 q:24.33 aq:11.99 tex:26843 mv:1607 misc:1654 imb:721 pmb:213 smb:16178 d:- ref:0 ;
in:1175 out:1175 type:B dur:2 cpbdur:2 q:24.38 aq:23.00 tex:19 mv:69 misc:872 imb:0 pmb:106 smb:17006 d:- ref:0 ;
in:1174 out:1176 type:b dur:2 cpbdur:2 q:24.40 aq:27.38 tex:2091 mv:110 misc:863 imb:1 pmb:111 smb:17000 d:- ref:0 ;
in:1176 out:1177 type:b dur:2 cpbdur:2 q:24.35 aq:25.00 tex:0 mv:0 misc:720 imb:0 pmb:0 smb:17112 d:- ref:0 ;
in:1181 out:1178 type:P dur:2 cpbdur:2 q:24.30 aq:11.32 tex:7646 mv:371 misc:1727 imb:34 pmb:153 smb:16925 d:- ref:0 ;
in:1179 out:1179 type:B dur:2 cpbdur:2 q:24.31 aq:23.00 tex:0 mv:0 misc:736 imb:0 pmb:0 smb:17112 d:- ref:0 ;
in:1178 out:1180 type:b dur:2 cpbdur:2 q:24.32 aq:25.00 tex:0 mv:0 misc:720 imb:0 pmb:0 smb:17112 d:- ref:0 ;
in:1180 out:1181 type:b dur:2 cpbdur:2 q:24.30 aq:25.00 tex:0 mv:0 misc:720 imb:0 pmb:0 smb:17112 d:- ref:0 ;
in:1185 out:1182 type:P dur:2 cpbdur:2 q:24.23 aq:11.45 tex:3832 mv:322 misc:1470 imb:33 pmb:88 smb:16991 d:- ref:0 ;
in:1183 out:1183 type:B dur:2 cpbdur:2 q:24.26 aq:23.00 tex:0 mv:0 misc:736 imb:0 pmb:0 smb:17112 d:- ref:0 ;
in:1182 out:1184 type:b dur:2 cpbdur:2 q:24.28 aq:25.00 tex:0 mv:0 misc:720 imb:0 pmb:0 smb:17112 d:- ref:0 ;
in:1184 out:1185 type:b dur:2 cpbdur:2 q:24.24 aq:25.00 tex:0 mv:0 misc:720 imb:0 pmb:0 smb:17112 d:- ref:0 ;
in:1189 out:1186 type:P dur:4 cpbdur:4 q:21.78 aq:15.76 tex:10930 mv:838 misc:1856 imb:142 pmb:164 smb:16806 d:- ref:0 ;
in:1187 out:1187 type:B dur:2 cpbdur:2 q:23.00 aq:7.34 tex:1261 mv:189 misc:1054 imb:1 pmb:92 smb:17019 d:- ref:0 ;
in:1186 out:1188 type:b dur:2 cpbdur:2 q:23.62 aq:24.00 tex:0 mv:0 misc:720 imb:0 pmb:0 smb:17112 d:- ref:0 ;
in:1188 out:1189 type:b dur:40 cpbdur:40 q:22.39 aq:13.27 tex:78 mv:270 misc:868 imb:8 pmb:61 smb:17043 d:- ref:0 ;
in:1192 out:1190 type:P dur:2 cpbdur:2 q:23.65 aq:7.48 tex:13330 mv:4784 misc:3094 imb:1224 pmb:381 smb:15507 d:- ref:0 ;
in:1190 out:1191 type:B dur:2 cpbdur:2 q:22.40 aq:10.18 tex:886 mv:5577 misc:2841 imb:26 pmb:1266 smb:15820 d:- ref:0 ;
in:1191 out:1192 type:b dur:4 cpbdur:4 q:23.03 aq:24.53 tex:1248 mv:1863 misc:2401 imb:5 pmb:972 smb:16135 d:- ref:0 ;
in:1196 out:1193 type:P dur:10 cpbdur:10 q:18.09 aq:9.25 tex:5142 mv:4215 misc:2691 imb:1136 pmb:278 smb:15698 d:- ref:0 ;
in:1194 out:1194 type:B dur:6 cpbdur:6 q:20.87 aq:5.14 tex:2099 mv:5152 misc:2645 imb:28 pmb:1134 smb:15950 d:- ref:0 ;
in:1193 out:1195 type:b dur:2 cpbdur:2 q:22.26 aq:21.16 tex:1098 mv:1944 misc:2206 imb:14 pmb:877 smb:16221 d:- ref:0 ;
in:1195 out:1196 type:b dur:32 cpbdur:32 q:19.48 aq:14.52 tex:4378 mv:2105 misc:2621 imb:8 pmb:1194 smb:15910 d:- ref:0 ;
in:1200 out:1197 type:P dur:2 cpbdur:2 q:22.09 aq:9.63 tex:4050 mv:3688 misc:2422 imb:897 pmb:368 smb:15847 d:- ref:0 ;
in:1198 out:1198 type:B dur:2 cpbdur:2 q:20.09 aq:16.15 tex:720 mv:952 misc:1008 imb:132 pmb:36 smb:16944 d:- ref:0 ;
in:1197 out:1199 type:b dur:6 cpbdur:6 q:19.09 aq:11.82 tex:212 mv:397 misc:895 imb:56 pmb:16 smb:17040 d:- ref:0 ;
in:1199 out:1200 type:b dur:2 cpbdur:2 q:21.09 aq:20.05 tex:1632 mv:4367 misc:2425 imb:20 pmb:1005 smb:16087 d:- ref:0 ;
in:1202 out:1201 type:P dur:2 cpbdur:2 q:23.09 aq:5.39 tex:3920 mv:5037 misc:2643 imb:924 pmb:362 smb:15826 d:- ref:0 ;
in:1201 out:1202 type:b dur:2 cpbdur:2 q:22.59 aq:9.12 tex:548 mv:5874 misc:2834 imb:89 pmb:1210 smb:15813 d:- ref:0 ;
in:1203 out:1203 type:P dur:2 cpbdur:2 q:23.08 aq:7.08 tex:14191 mv:3487 misc:2306 imb:541 pmb:315 smb:16256 d:- ref:0 ;
in:1204 out:1204 type:P dur:2 cpbdur:2 q:23.01 aq:8.59 tex:55573 mv:2274 misc:1705 imb:293 pmb:286 smb:16533 d:- ref:0 ;
in:1205 out:1205 type:P dur:2 cpbdur:2 q:23.22 aq:9.51 tex:4071 mv:2604 misc:2085 imb:327 pmb:300 smb:16485 d:- ref:0 ;
in:1206 out:1206 type:P dur:2 cpbdur:2 q:23.23 aq:6.92 tex:3396 mv:2555 misc:1953 imb:334 pmb:224 smb:16554 d:- ref:0 ;
in:1207 out:1207 type:P dur:2 cpbdur:2 q:23.23 aq:7.94 tex:4856 mv:2862 misc:2026 imb:439 pmb:259 smb:16414 d:- ref:0 ;
in:1208 out:1208 type:P dur:2 cpbdur:2 q:23.14 aq:6.19 tex:1814 mv:2576 misc:1850 imb:344 pmb:164 smb:16604 d:- ref:0 ;
in:1209 out:1209 type:P dur:2 cpbdur:2 q:23.15 aq:6.61 tex:1340 mv:2230 misc:1774 imb:297 pmb:163 smb:16652 d:- ref:0 ;
in:1210 out:1210 type:P dur:2 cpbdur:2 q:23.17 aq:4.18 tex:1998 mv:1700 misc:1574 imb:212 pmb:185 smb:16715 d:- ref:0 ;
in:1211 out:1211 type:P dur:2 cpbdur:2 q:23.12 aq:4.17 tex:2403 mv:2131 misc:1650 imb:312 pmb:199 smb:16601 d:- ref:0 ;
in:1212 out:1212 type:P dur:2 cpbdur:2 q:23.09 aq:5.69 tex:4868 mv:1777 misc:1699 imb:232 pmb:197 smb:16683 d:- ref:0 ;
in:1213 out:1213 type:P dur:2 cpbdur:2 q:23.09 aq:10.31 tex:2470 mv:1896 misc:1618 imb:271 pmb:205 smb:16636 d:- ref:0 ;
in:1214 out:1214 type:P dur:2 cpbdur:2 q:23.08 aq:8.25 tex:3952 mv:2280 misc:1688 imb:494 pmb:135 smb:16483 d:- ref:0 ;
in:1215 out:1215 type:P dur:12 cpbdur:12 q:16.89 aq:9.44 tex:17217 mv:2093 misc:1714 imb:349 pmb:106 smb:16657 d:- ref:0 ;
in:1216 out:1216 type:P dur:2 cpbdur:2 q:20.89 aq:14.18 tex:525891 mv:34615 misc:3910 imb:6464 pmb:1746 smb:8902 d:- ref:0 ;
in:1217 out:1217 type:I dur:2 cpbdur:2 q:19.66 aq:7.45 tex:988665 mv:117424 misc:719 imb:17112 pmb:0 smb:0 d:- ref:;
in:1221 out:1218 type:P dur:2 cpbdur:2 q:24.85 aq:16.38 tex:1769598 mv:57277 misc:2861 imb:14036 pmb:911 smb:2165 d:- ref:0 ;
in:1219 out:1219 type:B dur:2 cpbdur:2 q:24.85 aq:21.24 tex:960464 mv:78821 misc:6859 imb:5458 pmb:3348 smb:8306 d:- ref:0 ;
in:1218 out:1220 type:b dur:2 cpbdur:2 q:24.85 aq:22.94 tex:280006 mv:53376 misc:7506 imb:2049 pmb:4393 smb:10670 d:- ref:0 ;
in:1220 out:1221 type:b dur:2 cpbdur:2 q:24.85 aq:22.59 tex:960796 mv:88438 misc:7286 imb:4312 pmb:4408 smb:8392 d:- ref:0 ;
in:1225 out:1222 type:P dur:2 cpbdur:2 q:25.72 aq:18.54 tex:2105783 mv:78577 misc:3384 imb:12920 pmb:2024 smb:2168 d:- ref:0 ;
in:1223 out:1223 type:B dur:2 cpbdur:2 q:25.28 aq:21.26 tex:1582767 mv:113543 misc:7090 imb:6672 pmb:4114 smb:6326 d:- ref:0 ;
in:1222 out:1224 type:b dur:2 cpbdur:2 q:25.06 aq:23.68 tex:1172039 mv:106344 misc:7689 imb:3684 pmb:5556 smb:7872 d:- ref:0 ;
in:1224 out:1225 type:b dur:2 cpbdur:2 q:25.50 aq:23.24 tex:1051791 mv:112620 misc:8213 imb:3702 pmb:6138 smb:7272 d:- ref:0 ;
in:1227 out:1226 type:P dur:2 cpbdur:2 q:26.70 aq:19.69 tex:1978597 mv:82860 misc:4583 imb:11104 pmb:2995 smb:3013 d:- ref:0 ;
in:1226 out:1227 type:b dur:2 cpbdur:2 q:26.21 aq:24.81 tex:1031116 mv:112030 misc:8542 imb:3056 pmb:6638 smb:7418 d:- ref:0 ;
in:1228 out:1228 type:P dur:2 cpbdur:2 q:27.27 aq:20.23 tex:1411699 mv:83326 misc:5751 imb:7850 pmb:5169 smb:4093 d:- ref:0 ;
in:1232 out:1229 type:P dur:2 cpbdur:2 q:27.50 aq:19.10 tex:2403513 mv:92656 misc:4503 imb:11503 pmb:2694 smb:2915 d:- ref:0 ;
in:1230 out:1230 type:B dur:2 cpbdur:2 q:27.38 aq:25.11 tex:1360706 mv:120357 misc:7601 imb:3670 pmb:5918 smb:7524 d:- ref:0 ;
in:1229 out:1231 type:b dur:2 cpbdur:2 q:27.33 aq:26.17 tex:797559 mv:113101 misc:8324 imb:2219 pmb:7065 smb:7828 d:- ref:0 ;
in:1231 out:1232 type:b dur:2 cpbdur:2 q:27.44 aq:26.50 tex:716230 mv:99168 misc:8018 imb:1795 pmb:6421 smb:8896 d:- ref:0 ;
in:1234 out:1233 type:P dur:2 cpbdur:2 q:28.76 aq:19.78 tex:1499477 mv:75821 misc:6030 imb:6573 pmb:4677 smb:5862 d:- ref:0 ;
in:1233 out:1234 type:b dur:2 cpbdur:2 q:28.13 aq:28.25 tex:531863 mv:78650 misc:7559 imb:1315 pmb:5746 smb:10051 d:- ref:0 ;
in:1238 out:1235 type:P dur:2 cpbdur:2 q:29.76 aq:22.66 tex:1022769 mv:51975 misc:6080 imb:3687 pmb:4892 smb:8533 d:- ref:0 ;
in:1236 out:1236 type:B dur:2 cpbdur:2 q:29.26 aq:21.47 tex:2771 mv:1645 misc:2520 imb:50 pmb:463 smb:16599 d:- ref:0 ;
in:1235 out:1237 type:b dur:2 cpbdur:2 q:29.01 aq:29.57 tex:416648 mv:63291 misc:5797 imb:1016 pmb:5809 smb:10287 d:- ref:0 ;
in:1237 out:1238 type:b dur:2 cpbdur:2 q:29.51 aq:19.98 tex:78 mv:59 misc:807 imb:4 pmb:8 smb:17100 d:- ref:0 ;
in:1241 out:1239 type:P dur:2 cpbdur:2 q:32.44 aq:24.00 tex:1477 mv:132 misc:927 imb:8 pmb:19 smb:17085 d:- ref:0 ;
in:1239 out:1240 type:B dur:2 cpbdur:2 q:30.65 aq:23.66 tex:537 mv:254 misc:889 imb:24 pmb:17 smb:17071 d:- ref:0 ;
in:1240 out:1241 type:b dur:4 cpbdur:4 q:31.55 aq:21.00 tex:18 mv:35 misc:771 imb:2 pmb:5 smb:17105 d:- ref:0 ;
in:1242 out:1242 type:P dur:2 cpbdur:2 q:33.95 aq:31.58 tex:302843 mv:39773 misc:7384 imb:1830 pmb:4155 smb:11127 d:- ref:0 ;
in:1243 out:1243 type:P dur:2 cpbdur:2 q:34.52 aq:30.12 tex:488292 mv:59027 misc:5753 imb:4700 pmb:3955 smb:8457 d:- ref:0 ;
in:1244 out:1244 type:P dur:2 cpbdur:2 q:35.40 aq:30.63 tex:592289 mv:64320 misc:6031 imb:5840 pmb:3672 smb:7600 d:- ref:0 ;
in:1248 out:1245 type:P dur:2 cpbdur:2 q:35.99 aq:28.63 tex:728601 mv:61105 misc:3358 imb:12867 pmb:1180 smb:3065 d:- ref:0 ;
in:1246 out:1246 type:B dur:2 cpbdur:2 q:35.69 aq:31.94 tex:742776 mv:99921 misc:8031 imb:6297 pmb:4067 smb:6748 d:- ref:0 ;
in:1245 out:1247 type:b dur:2 cpbdur:2 q:35.55 aq:34.27 tex:401821 mv:97064 misc:9323 imb:2707 pmb:5926 smb:8479 d:- ref:0 ;
in:1247 out:1248 type:b dur:2 cpbdur:2 q:35.84 aq:33.83 tex:413661 mv:83495 misc:9924 imb:3207 pmb:5210 smb:8695 d:- ref:0 ;
in:1250 out:1249 type:P dur:2 cpbdur:2 q:37.11 aq:29.04 tex:535515 mv:53478 misc:3783 imb:12345 pmb:1318 smb:3449 d:- ref:0 ;
in:1249 out:1250 type:b dur:2 cpbdur:2 q:36.55 aq:34.22 tex:412450 mv:83193 misc:8965 imb:4183 pmb:4619 smb:8310 d:- ref:0 ;
in:1252 out:1251 type:P dur:2 cpbdur:2 q:37.26 aq:26.85 tex:400064 mv:42590 misc:3826 imb:11703 pmb:949 smb:4460 d:- ref:0 ;
in:1251 out:1252 type:b dur:2 cpbdur:2 q:37.18 aq:34.77 tex:230098 mv:66204 misc:8810 imb:3078 pmb:4086 smb:9948 d:- ref:0 ;
in:1256 out:1253 type:P dur:2 cpbdur:2 q:37.32 aq:23.49 tex:432859 mv:35246 misc:3327 imb:13336 pmb:688 smb:3088 d:- ref:0 ;
in:1254 out:1254 type:B dur:2 cpbdur:2 q:37.29 aq:31.86 tex:217433 mv:53164 misc:8307 imb:3346 pmb:3568 smb:10198 d:- ref:0 ;
in:1253 out:1255 type:b dur:2 cpbdur:2 q:37.28 aq:32.95 tex:155482 mv:54606 misc:8888 imb:2370 pmb:3929 smb:10813 d:- ref:0 ;
in:1255 out:1256 type:b dur:2 cpbdur:2 q:37.31 aq:30.64 tex:58032 mv:39140 misc:7900 imb:1384 pmb:3110 smb:12618 d:- ref:0 ;
in:1257 out:1257 type:P dur:2 cpbdur:2 q:37.38 aq:24.44 tex:138533 mv:28306 misc:5617 imb:3890 pmb:1865 smb:11357 d:- ref:0 ;
in:1258 out:1258 type:P dur:4 cpbdur:4 q:35.12 aq:21.75 tex:173255 mv:26845 misc:4644 imb:4034 pmb:1969 smb:11109 d:- ref:0 ;
in:1260 out:1259 type:P dur:4 cpbdur:4 q:35.30 aq:17.99 tex:298011 mv:28509 misc:4344 imb:9125 pmb:1857 smb:6130 d:- ref:0 w:5,33,-1,6,64,0,57,14 ;
in:1259 out:1260 type:b dur:2 cpbdur:2 q:35.21 aq:36.00 tex:2 mv:2 misc:732 imb:0 pmb:1 smb:17111 d:- ref:0 ;
in:1261 out:1261 type:P dur:112 cpbdur:112 q:31.30 aq:20.40 tex:3066 mv:1487 misc:1143 imb:654 pmb:50 smb:16408 d:- ref:0 ;
in:1262 out:1262 type:I dur:2 cpbdur:2 q:29.63 aq:16.61 tex:450740 mv:90644 misc:760 imb:17112 pmb:0 smb:0 d:- ref:;
in:1266 out:1263 type:P dur:2 cpbdur:2 q:38.41 aq:31.78 tex:403075 mv:40265 misc:4140 imb:10019 pmb:780 smb:6313 d:- ref:0 ;
in:1264 out:1264 type:B dur:2 cpbdur:2 q:38.41 aq:34.48 tex:86013 mv:43585 misc:8170 imb:2098 pmb:3186 smb:11828 d:- ref:0 ;
in:1263 out:1265 type:b dur:2 cpbdur:2 q:38.41 aq:34.91 tex:3582 mv:14528 misc:5906 imb:306 pmb:1977 smb:14829 d:- ref:0 ;
in:1265 out:1266 type:b dur:2 cpbdur:2 q:38.41 aq:34.38 tex:197321 mv:51340 misc:8459 imb:3042 pmb:3523 smb:10547 d:- ref:0 ;
in:1270 out:1267 type:P dur:2 cpbdur:2 q:38.93 aq:31.98 tex:574690 mv:57567 misc:3503 imb:12639 pmb:1151 smb:3322 d:- ref:0 ;
in:1268 out:1268 type:B dur:2 cpbdur:2 q:38.67 aq:34.95 tex:427313 mv:76967 misc:7928 imb:5982 pmb:3472 smb:7658 d:- ref:0 ;
in:1267 out:1269 type:b dur:2 cpbdur:2 q:38.54 aq:35.63 tex:265763 mv:68830 misc:9367 imb:3486 pmb:4106 smb:9520 d:- ref:0 ;
in:1269 out:1270 type:b dur:2 cpbdur:2 q:38.80 aq:36.87 tex:170313 mv:72078 misc:10097 imb:2392 pmb:4839 smb:9881 d:- ref:0 ;
in:1271 out:1271 type:P dur:2 cpbdur:2 q:39.22 aq:32.82 tex:289731 mv:58785 misc:7164 imb:6391 pmb:3138 smb:7583 d:- ref:0 ;
in:1272 out:1272 type:P dur:2 cpbdur:2 q:39.27 aq:32.81 tex:322862 mv:62645 misc:6933 imb:7040 pmb:3414 smb:6658 d:- ref:0 ;
in:1273 out:1273 type:P dur:2 cpbdur:2 q:39.32 aq:33.24 tex:299567 mv:61726 misc:7595 imb:5907 pmb:3627 smb:7578 d:- ref:0 ;
in:1274 out:1274 type:P dur:2 cpbdur:2 q:39.41 aq:33.78 tex:285214 mv:61933 misc:7773 imb:5296 pmb:3805 smb:8011 d:- ref:0 ;
in:1275 out:1275 type:P dur:2 cpbdur:2 q:39.40 aq:33.27 tex:279374 mv:65140 misc:7806 imb:5740 pmb:4177 smb:7195 d:- ref:0 ;
in:1277 out:1276 type:P dur:2 cpbdur:2 q:39.15 aq:32.71 tex:536114 mv:70040 misc:6310 imb:7528 pmb:3086 smb:6498 d:- ref:0 ;
in:1276 out:1277 type:b dur:2 cpbdur:2 q:39.27 aq:38.20 tex:77044 mv:65383 misc:10677 imb:1164 pmb:4574 smb:11374 d:- ref:0 ;
in:1278 out:1278 type:P dur:2 cpbdur:2 q:39.34 aq:33.03 tex:272086 mv:55841 misc:8009 imb:3894 pmb:3953 smb:9265 d:- ref:0 ;
in:1280 out:1279 type:P dur:2 cpbdur:2 q:39.38 aq:32.03 tex:393262 mv:61159 misc:6667 imb:4968 pmb:3831 smb:8313 d:- ref:0 ;
in:1279 out:1280 type:b dur:2 cpbdur:2 q:39.36 aq:37.19 tex:28157 mv:43659 misc:9288 imb:761 pmb:3178 smb:13173 d:- ref:0 ;
in:1284 out:1281 type:P dur:2 cpbdur:2 q:39.45 aq:36.99 tex:68719 mv:30388 misc:8813 imb:1703 pmb:2622 smb:12787 d:- ref:0 ;
in:1282 out:1282 type:B dur:2 cpbdur:2 q:39.41 aq:37.63 tex:51896 mv:14918 misc:8850 imb:262 pmb:2820 smb:14030 d:- ref:0 ;
in:1281 out:1283 type:b dur:4 cpbdur:4 q:39.39 aq:38.26 tex:25243 mv:38301 misc:7456 imb:491 pmb:3678 smb:12943 d:- ref:0 ;
in:1283 out:1284 type:b dur:2 cpbdur:2 q:39.43 aq:25.43 tex:43 mv:110 misc:815 imb:5 pmb:11 smb:17096 d:- ref:0 ;
in:1287 out:1285 type:P dur:2 cpbdur:2 q:39.97 aq:33.25 tex:479606 mv:54484 misc:3974 imb:11977 pmb:828 smb:4307 d:- ref:0 ;
in:1285 out:1286 type:B dur:2 cpbdur:2 q:39.62 aq:36.43 tex:294417 mv:71590 misc:9193 imb:3554 pmb:3845 smb:9713 d:- ref:0 ;
in:1286 out:1287 type:b dur:2 cpbdur:2 q:39.80 aq:38.50 tex:303165 mv:74676 misc:9695 imb:3614 pmb:4357 smb:9141 d:- ref:0 ;
in:1288 out:1288 type:P dur:2 cpbdur:2 q:40.30 aq:34.45 tex:309503 mv:55760 misc:6377 imb:7963 pmb:2155 smb:6994 d:- ref:0 ;
in:1289 out:1289 type:I dur:2 cpbdur:2 q:34.65 aq:26.51 tex:671306 mv:155126 misc:840 imb:17112 pmb:0 smb:0 d:- ref:;
in:1292 out:1290 type:P dur:2 cpbdur:2 q:40.51 aq:29.14 tex:273298 mv:34397 misc:2913 imb:14494 pmb:480 smb:2138 d:- ref:0 ;
in:1290 out:1291 type:B dur:2 cpbdur:2 q:40.51 aq:37.19 tex:270720 mv:62191 misc:7777 imb:5162 pmb:3163 smb:8787 d:- ref:0 ;
in:1291 out:1292 type:b dur:2 cpbdur:2 q:40.51 aq:35.64 tex:177344 mv:50241 misc:8935 imb:3095 pmb:3535 smb:10482 d:- ref:0 ;
in:1293 out:1293 type:P dur:2 cpbdur:2 q:40.81 aq:30.20 tex:159990 mv:32456 misc:5034 imb:6841 pmb:1300 smb:8971 d:- ref:0 ;
in:1294 out:1294 type:P dur:2 cpbdur:2 q:40.94 aq:29.41 tex:130065 mv:27858 misc:5677 imb:4295 pmb:1502 smb:11315 d:- ref:0 ;
in:1295 out:1295 type:P dur:2 cpbdur:2 q:40.96 aq:26.07 tex:162832 mv:28364 misc:5100 imb:3880 pmb:1628 smb:11604 d:- ref:0 ;
in:1297 out:1296 type:P dur:2 cpbdur:2 q:40.98 aq:22.22 tex:192910 mv:37424 misc:2098 imb:5132 pmb:11141 smb:839 d:- ref:0 w:5,33,-1,6,64,0,57,13 ;
in:1296 out:1297 type:b dur:2 cpbdur:2 q:40.97 aq:29.41 tex:1194 mv:9256 misc:3766 imb:125 pmb:1054 smb:15933 d:- ref:0 ;
in:1299 out:1298 type:P dur:4 cpbdur:4 q:38.61 aq:30.68 tex:8600 mv:1341 misc:1827 imb:515 pmb:178 smb:16419 d:- ref:0 ;
in:1298 out:1299 type:b dur:42 cpbdur:42 q:39.80 aq:33.71 tex:71 mv:383 misc:866 imb:25 pmb:77 smb:17010 d:- ref:0 ;
in:1303 out:1300 type:P dur:2 cpbdur:2 q:41.16 aq:30.82 tex:2944 mv:1065 misc:1143 imb:494 pmb:38 smb:16580 d:- ref:0 ;
in:1301 out:1301 type:B dur:2 cpbdur:2 q:39.89 aq:33.05 tex:634 mv:389 misc:865 imb:29 pmb:79 smb:17004 d:- ref:0 ;
in:1300 out:1302 type:b dur:2 cpbdur:2 q:39.25 aq:33.39 tex:728 mv:307 misc:853 imb:19 pmb:87 smb:17006 d:- ref:0 ;
in:1302 out:1303 type:b dur:2 cpbdur:2 q:40.52 aq:41.00 tex:1 mv:71 misc:744 imb:0 pmb:8 smb:17104 d:- ref:0 ;
in:1307 out:1304 type:P dur:2 cpbdur:2 q:41.60 aq:26.04 tex:674 mv:177 misc:869 imb:10 pmb:15 smb:17087 d:- ref:0 ;
in:1305 out:1305 type:B dur:2 cpbdur:2 q:41.38 aq:41.00 tex:0 mv:16 misc:760 imb:0 pmb:7 smb:17105 d:- ref:0 ;
in:1304 out:1306 type:b dur:2 cpbdur:2 q:41.27 aq:42.00 tex:2 mv:30 misc:744 imb:0 pmb:7 smb:17105 d:- ref:0 ;
in:1306 out:1307 type:b dur:2 cpbdur:2 q:41.49 aq:42.00 tex:0 mv:0 misc:728 imb:0 pmb:0 smb:17112 d:- ref:0 ;
in:1311 out:1308 type:P dur:2 cpbdur:2 q:41.90 aq:15.49 tex:212 mv:56 misc:796 imb:6 pmb:1 smb:17105 d:- ref:0 ;
in:1309 out:1309 type:B dur:2 cpbdur:2 q:41.75 aq:41.00 tex:0 mv:0 misc:744 imb:0 pmb:0 smb:17112 d:- ref:0 ;
in:1308 out:1310 type:b dur:2 cpbdur:2 q:41.67 aq:42.00 tex:0 mv:0 misc:728 imb:0 pmb:0 smb:17112 d:- ref:0 ;
in:1310 out:1311 type:b dur:2 cpbdur:2 q:41.82 aq:42.00 tex:0 mv:0 misc:728 imb:0 pmb:0 smb:17112 d:- ref:0 ;
in:1315 out:1312 type:P dur:2 cpbdur:2 q:42.06 aq:21.41 tex:1838 mv:4167 misc:2459 imb:711 pmb:337 smb:16064 d:- ref:0 ;
in:1313 out:1313 type:B dur:2 cpbdur:2 q:41.98 aq:28.29 tex:121 mv:381 misc:2058 imb:6 pmb:598 smb:16508 d:- ref:0 ;
in:1312 out:1314 type:b dur:2 cpbdur:2 q:41.94 aq:43.00 tex:0 mv:0 misc:728 imb:0 pmb:0 smb:17112 d:- ref:0 ;
in:1314 out:1315 type:b dur:2 cpbdur:2 q:42.02 aq:28.11 tex:87 mv:685 misc:1716 imb:8 pmb:331 smb:16773 d:- ref:0 ;
in:1316 out:1316 type:P dur:2 cpbdur:2 q:41.96 aq:30.54 tex:4096 mv:4262 misc:2986 imb:966 pmb:282 smb:15864 d:- ref:0 ;
in:1317 out:1317 type:P dur:2 cpbdur:2 q:41.95 aq:25.02 tex:12525 mv:3031 misc:2164 imb:1028 pmb:142 smb:15942 d:- ref:0 ;
in:1318 out:1318 type:P dur:2 cpbdur:2 q:41.95 aq:32.95 tex:31911 mv:4162 misc:2991 imb:693 pmb:354 smb:16065 d:- ref:0 ;
in:1319 out:1319 type:P dur:2 cpbdur:2 q:41.95 aq:28.55 tex:21851 mv:2975 misc:3358 imb:609 pmb:490 smb:16013 d:- ref:0 ;
in:1323 out:1320 type:P dur:2 cpbdur:2 q:41.94 aq:28.03 tex:148137 mv:10132 misc:4395 imb:1601 pmb:971 smb:14540 d:- ref:0 ;
in:1321 out:1321 type:B dur:2 cpbdur:2 q:41.94 aq:28.91 tex:908 mv:4107 misc:2761 imb:199 pmb:774 smb:16139 d:- ref:0 ;
in:1320 out:1322 type:b dur:4 cpbdur:4 q:41.95 aq:32.50 tex:5476 mv:5369 misc:3283 imb:274 pmb:1246 smb:15592 d:- ref:0 ;
in:1322 out:1323 type:b dur:2 cpbdur:2 q:41.94 aq:28.10 tex:170 mv:2486 misc:2216 imb:72 pmb:553 smb:16487 d:- ref:0 ;
in:1327 out:1324 type:P dur:2 cpbdur:2 q:41.93 aq:24.70 tex:9362 mv:1225 misc:2253 imb:320 pmb:400 smb:16392 d:- ref:0 ;
in:1325 out:1325 type:B dur:2 cpbdur:2 q:41.93 aq:24.25 tex:519 mv:6462 misc:2763 imb:215 pmb:1068 smb:15829 d:- ref:0 ;
in:1324 out:1326 type:b dur:2 cpbdur:2 q:41.94 aq:33.94 tex:69 mv:736 misc:1227 imb:53 pmb:84 smb:16975 d:- ref:0 ;
in:1326 out:1327 type:b dur:2 cpbdur:2 q:41.93 aq:33.94 tex:68 mv:750 misc:1230 imb:53 pmb:91 smb:16968 d:- ref:0 ;
in:1330 out:1328 type:P dur:2 cpbdur:2 q:41.91 aq:26.51 tex:27448 mv:6851 misc:3829 imb:1261 pmb:709 smb:15142 d:- ref:0 ;
in:1328 out:1329 type:B dur:2 cpbdur:2 q:41.92 aq:23.01 tex:219 mv:2521 misc:2236 imb:50 pmb:471 smb:16591 d:- ref:0 ;
in:1329 out:1330 type:b dur:2 cpbdur:2 q:41.92 aq:30.09 tex:310 mv:4099 misc:2623 imb:114 pmb:587 smb:16411 d:- ref:0 ;
in:1334 out:1331 type:P dur:2 cpbdur:2 q:41.90 aq:21.47 tex:19526 mv:5853 misc:3573 imb:664 pmb:715 smb:15733 d:- ref:0 ;
in:1332 out:1332 type:B dur:2 cpbdur:2 q:41.91 aq:24.15 tex:253 mv:4982 misc:2949 imb:258 pmb:738 smb:16116 d:- ref:0 ;
in:1331 out:1333 type:b dur:2 cpbdur:2 q:41.91 aq:28.50 tex:135 mv:3342 misc:2571 imb:230 pmb:515 smb:16367 d:- ref:0 ;
in:1333 out:1334 type:b dur:2 cpbdur:2 q:41.91 aq:28.92 tex:115 mv:1533 misc:2096 imb:10 pmb:452 smb:16650 d:- ref:0 ;
in:1338 out:1335 type:P dur:6 cpbdur:6 q:38.16 aq:26.05 tex:32637 mv:6305 misc:4994 imb:1258 pmb:874 smb:14980 d:- ref:0 ;
in:1336 out:1336 type:B dur:2 cpbdur:2 q:40.03 aq:20.63 tex:354 mv:3958 misc:2632 imb:45 pmb:853 smb:16214 d:- ref:0 ;
in:1335 out:1337 type:b dur:2 cpbdur:2 q:40.97 aq:26.87 tex:138 mv:2165 misc:2265 imb:32 pmb:579 smb:16501 d:- ref:0 ;
in:1337 out:1338 type:b dur:2 cpbdur:2 q:39.10 aq:25.44 tex:278 mv:1983 misc:2195 imb:107 pmb:390 smb:16615 d:- ref:0 ;
in:1342 out:1339 type:P dur:2 cpbdur:2 q:41.96 aq:28.98 tex:10725 mv:4884 misc:3071 imb:1011 pmb:523 smb:15578 d:- ref:0 ;
in:1340 out:1340 type:B dur:8 cpbdur:8 q:40.06 aq:20.80 tex:389 mv:4957 misc:2830 imb:236 pmb:816 smb:16060 d:- ref:0 ;
in:1339 out:1341 type:b dur:4 cpbdur:4 q:39.11 aq:27.07 tex:222 mv:2590 misc:2628 imb:28 pmb:709 smb:16375 d:- ref:0 ;
in:1341 out:1342 type:b dur:12 cpbdur:12 q:41.01 aq:26.42 tex:71 mv:852 misc:1413 imb:23 pmb:163 smb:16926 d:- ref:0 ;
in:1346 out:1343 type:P dur:2 cpbdur:2 q:41.96 aq:34.77 tex:3959 mv:674 misc:1599 imb:136 pmb:193 smb:16783 d:- ref:0 ;
in:1344 out:1344 type:B dur:2 cpbdur:2 q:41.96 aq:40.00 tex:0 mv:0 misc:744 imb:0 pmb:0 smb:17112 d:- ref:0 ;
in:1343 out:1345 type:b dur:2 cpbdur:2 q:41.96 aq:43.00 tex:0 mv:0 misc:728 imb:0 pmb:0 smb:17112 d:- ref:0 ;
in:1345 out:1346 type:b dur:2 cpbdur:2 q:41.96 aq:43.00 tex:0 mv:0 misc:728 imb:0 pmb:0 smb:17112 d:- ref:0 ;
in:1350 out:1347 type:P dur:2 cpbdur:2 q:41.96 aq:20.67 tex:1844 mv:850 misc:1594 imb:249 pmb:145 smb:16718 d:- ref:0 ;
in:1348 out:1348 type:B dur:2 cpbdur:2 q:41.96 aq:40.00 tex:0 mv:0 misc:744 imb:0 pmb:0 smb:17112 d:- ref:0 ;
in:1347 out:1349 type:b dur:2 cpbdur:2 q:41.96 aq:43.00 tex:0 mv:0 misc:728 imb:0 pmb:0 smb:17112 d:- ref:0 ;
in:1349 out:1350 type:b dur:2 cpbdur:2 q:41.96 aq:43.00 tex:0 mv:0 misc:728 imb:0 pmb:0 smb:17112 d:- ref:0 ;
in:1354 out:1351 type:P dur:2 cpbdur:2 q:41.95 aq:25.08 tex:4208 mv:1129 misc:1631 imb:276 pmb:57 smb:16779 d:- ref:0 ;
in:1352 out:1352 type:B dur:2 cpbdur:2 q:41.96 aq:40.00 tex:0 mv:0 misc:744 imb:0 pmb:0 smb:17112 d:- ref:0 ;
in:1351 out:1353 type:b dur:2 cpbdur:2 q:41.96 aq:43.00 tex:0 mv:0 misc:728 imb:0 pmb:0 smb:17112 d:- ref:0 ;
in:1353 out:1354 type:b dur:2 cpbdur:2 q:41.95 aq:43.00 tex:0 mv:0 misc:728 imb:0 pmb:0 smb:17112 d:- ref:0 ;
in:1358 out:1355 type:P dur:60 cpbdur:60 q:37.95 aq:37.35 tex:50737 mv:2913 misc:1470 imb:482 pmb:359 smb:16271 d:- ref:0 ;
in:1356 out:1356 type:B dur:8 cpbdur:8 q:39.95 aq:32.80 tex:111 mv:884 misc:1213 imb:59 pmb:285 smb:16768 d:- ref:0 ;
in:1355 out:1357 type:b dur:54 cpbdur:54 q:40.95 aq:35.88 tex:29 mv:58 misc:753 imb:3 pmb:7 smb:17102 d:- ref:0 ;
in:1357 out:1358 type:b dur:2 cpbdur:2 q:38.95 aq:44.10 tex:4917 mv:336 misc:899 imb:3 pmb:166 smb:16943 d:- ref:0 ;
in:1362 out:1359 type:P dur:2 cpbdur:2 q:41.90 aq:34.78 tex:5082 mv:488 misc:1414 imb:30 pmb:252 smb:16830 d:- ref:0 ;
in:1360 out:1360 type:B dur:42 cpbdur:42 q:39.92 aq:46.00 tex:2 mv:30 misc:776 imb:0 pmb:12 smb:17100 d:- ref:0 ;
in:1359 out:1361 type:b dur:64 cpbdur:64 q:38.94 aq:45.00 tex:0 mv:0 misc:728 imb:0 pmb:0 smb:17112 d:- ref:0 ;
in:1361 out:1362 type:b dur:2 cpbdur:2 q:40.91 aq:39.89 tex:664 mv:89 misc:767 imb:3 pmb:15 smb:17094 d:- ref:0 ;
in:1366 out:1363 type:P dur:2 cpbdur:2 q:41.88 aq:33.08 tex:1626 mv:235 misc:955 imb:23 pmb:29 smb:17060 d:- ref:0 ;
in:1364 out:1364 type:B dur:2 cpbdur:2 q:41.89 aq:45.38 tex:603 mv:101 misc:792 imb:4 pmb:16 smb:17092 d:- ref:0 ;
in:1363 out:1365 type:b dur:2 cpbdur:2 q:41.89 aq:48.27 tex:550 mv:82 misc:784 imb:2 pmb:17 smb:17093 d:- ref:0 ;
in:1365 out:1366 type:b dur:2 cpbdur:2 q:41.88 aq:48.00 tex:534 mv:84 misc:782 imb:2 pmb:17 smb:17093 d:- ref:0 ;
in:1370 out:1367 type:P dur:2 cpbdur:2 q:41.87 aq:32.60 tex:239 mv:160 misc:785 imb:14 pmb:4 smb:17094 d:- ref:0 ;
in:1368 out:1368 type:B dur:2 cpbdur:2 q:41.87 aq:44.53 tex:25 mv:25 misc:758 imb:1 pmb:5 smb:17106 d:- ref:0 ;
in:1367 out:1369 type:b dur:2 cpbdur:2 q:41.88 aq:48.00 tex:0 mv:13 misc:739 imb:0 pmb:6 smb:17106 d:- ref:0 ;
in:1369 out:1370 type:b dur:2 cpbdur:2 q:41.87 aq:48.00 tex:0 mv:0 misc:728 imb:0 pmb:0 smb:17112 d:- ref:0 ;
in:1374 out:1371 type:P dur:2 cpbdur:2 q:41.76 aq:32.81 tex:152 mv:80 misc:816 imb:9 pmb:6 smb:17097 d:- ref:0 ;
in:1372 out:1372 type:B dur:2 cpbdur:2 q:41.81 aq:46.00 tex:0 mv:0 misc:744 imb:0 pmb:0 smb:17112 d:- ref:0 ;
in:1371 out:1373 type:b dur:2 cpbdur:2 q:41.84 aq:48.00 tex:0 mv:0 misc:728 imb:0 pmb:0 smb:17112 d:- ref:0 ;
in:1373 out:1374 type:b dur:2 cpbdur:2 q:41.79 aq:48.00 tex:0 mv:0 misc:728 imb:0 pmb:0 smb:17112 d:- ref:0 ;
in:1378 out:1375 type:P dur:2 cpbdur:2 q:41.56 aq:32.54 tex:390 mv:113 misc:833 imb:9 pmb:11 smb:17092 d:- ref:0 ;
in:1376 out:1376 type:B dur:2 cpbdur:2 q:41.66 aq:45.00 tex:0 mv:0 misc:744 imb:0 pmb:0 smb:17112 d:- ref:0 ;
in:1375 out:1377 type:b dur:2 cpbdur:2 q:41.71 aq:47.00 tex:0 mv:0 misc:728 imb:0 pmb:0 smb:17112 d:- ref:0 ;
in:1377 out:1378 type:b dur:2 cpbdur:2 q:41.61 aq:47.00 tex:0 mv:0 misc:728 imb:0 pmb:0 smb:17112 d:- ref:0 ;
in:1382 out:1379 type:P dur:4 cpbdur:4 q:39.02 aq:27.03 tex:251 mv:237 misc:896 imb:37 pmb:6 smb:17069 d:- ref:0 ;
in:1380 out:1380 type:B dur:2 cpbdur:2 q:40.29 aq:45.00 tex:0 mv:0 misc:744 imb:0 pmb:0 smb:17112 d:- ref:0 ;
in:1379 out:1381 type:b dur:2 cpbdur:2 q:40.93 aq:47.00 tex:0 mv:0 misc:728 imb:0 pmb:0 smb:17112 d:- ref:0 ;
in:1381 out:1382 type:b dur:8 cpbdur:8 q:39.66 aq:45.00 tex:0 mv:0 misc:728 imb:0 pmb:0 smb:17112 d:- ref:0 ;
in:1386 out:1383 type:P dur:2 cpbdur:2 q:41.41 aq:36.10 tex:54 mv:14 misc:756 imb:1 pmb:1 smb:17110 d:- ref:0 ;
in:1384 out:1384 type:B dur:2 cpbdur:2 q:40.21 aq:44.00 tex:0 mv:0 misc:744 imb:0 pmb:0 smb:17112 d:- ref:0 ;
in:1383 out:1385 type:b dur:2 cpbdur:2 q:39.62 aq:45.00 tex:0 mv:0 misc:728 imb:0 pmb:0 smb:17112 d:- ref:0 ;
in:1385 out:1386 type:b dur:2 cpbdur:2 q:40.81 aq:47.00 tex:0 mv:0 misc:728 imb:0 pmb:0 smb:17112 d:- ref:0 ;
in:1390 out:1387 type:P dur:2 cpbdur:2 q:41.39 aq:37.03 tex:22 mv:12 misc:750 imb:1 pmb:0 smb:17111 d:- ref:0 ;
in:1388 out:1388 type:B dur:2 cpbdur:2 q:41.40 aq:45.00 tex:0 mv:0 misc:744 imb:0 pmb:0 smb:17112 d:- ref:0 ;
in:1387 out:1389 type:b dur:2 cpbdur:2 q:41.40 aq:47.00 tex:0 mv:0 misc:728 imb:0 pmb:0 smb:17112 d:- ref:0 ;
in:1389 out:1390 type:b dur:2 cpbdur:2 q:41.40 aq:47.00 tex:0 mv:0 misc:728 imb:0 pmb:0 smb:17112 d:- ref:0 ;
in:1394 out:1391 type:P dur:2 cpbdur:2 q:41.38 aq:36.96 tex:23 mv:12 misc:749 imb:1 pmb:0 smb:17111 d:- ref:0 ;
in:1392 out:1392 type:B dur:2 cpbdur:2 q:41.38 aq:45.00 tex:0 mv:0 misc:744 imb:0 pmb:0 smb:17112 d:- ref:0 ;
in:1391 out:1393 type:b dur:2 cpbdur:2 q:41.39 aq:47.00 tex:0 mv:0 misc:728 imb:0 pmb:0 smb:17112 d:- ref:0 ;
in:1393 out:1394 type:b dur:2 cpbdur:2 q:41.38 aq:47.00 tex:0 mv:0 misc:728 imb:0 pmb:0 smb:17112 d:- ref:0 ;
in:1398 out:1395 type:P dur:2 cpbdur:2 q:41.36 aq:37.89 tex:23 mv:12 misc:741 imb:1 pmb:0 smb:17111 d:- ref:0 ;
in:1396 out:1396 type:B dur:2 cpbdur:2 q:41.37 aq:45.00 tex:0 mv:0 misc:744 imb:0 pmb:0 smb:17112 d:- ref:0 ;
in:1395 out:1397 type:b dur:2 cpbdur:2 q:41.37 aq:47.00 tex:0 mv:0 misc:728 imb:0 pmb:0 smb:17112 d:- ref:0 ;
in:1397 out:1398 type:b dur:2 cpbdur:2 q:41.36 aq:47.00 tex:0 mv:0 misc:728 imb:0 pmb:0 smb:17112 d:- ref:0 ;
in:1402 out:1399 type:P dur:4 cpbdur:4 q:38.93 aq:31.10 tex:248 mv:43 misc:781 imb:3 pmb:3 smb:17106 d:- ref:0 ;
in:1400 out:1400 type:B dur:2 cpbdur:2 q:40.14 aq:44.00 tex:0 mv:6 misc:754 imb:0 pmb:2 smb:17110 d:- ref:0 ;
in:1399 out:1401 type:b dur:2 cpbdur:2 q:40.75 aq:46.00 tex:0 mv:0 misc:728 imb:0 pmb:0 smb:17112 d:- ref:0 ;
in:1401 out:1402 type:b dur:2 cpbdur:2 q:39.54 aq:45.00 tex:0 mv:3 misc:733 imb:0 pmb:1 smb:17111 d:- ref:0 ;
in:1406 out:1403 type:P dur:2 cpbdur:2 q:41.32 aq:40.04 tex:578 mv:46 misc:760 imb:3 pmb:2 smb:17107 d:- ref:0 ;
in:1404 out:1404 type:B dur:2 cpbdur:2 q:40.12 aq:44.00 tex:89 mv:16 misc:759 imb:0 pmb:4 smb:17108 d:- ref:0 ;
in:1403 out:1405 type:b dur:2 cpbdur:2 q:39.53 aq:45.00 tex:108 mv:22 misc:734 imb:0 pmb:4 smb:17108 d:- ref:0 ;
in:1405 out:1406 type:b dur:2 cpbdur:2 q:40.72 aq:46.00 tex:0 mv:4 misc:740 imb:0 pmb:2 smb:17110 d:- ref:0 ;
in:1410 out:1407 type:P dur:2 cpbdur:2 q:41.30 aq:41.32 tex:302 mv:32 misc:762 imb:1 pmb:6 smb:17105 d:- ref:0 ;
in:1408 out:1408 type:B dur:2 cpbdur:2 q:41.31 aq:45.00 tex:0 mv:0 misc:744 imb:0 pmb:0 smb:17112 d:- ref:0 ;
in:1407 out:1409 type:b dur:2 cpbdur:2 q:41.31 aq:47.00 tex:0 mv:0 misc:728 imb:0 pmb:0 smb:17112 d:- ref:0 ;
in:1409 out:1410 type:b dur:2 cpbdur:2 q:41.31 aq:47.00 tex:0 mv:0 misc:728 imb:0 pmb:0 smb:17112 d:- ref:0 ;
in:1414 out:1411 type:P dur:2 cpbdur:2 q:41.29 aq:45.33 tex:26 mv:11 misc:739 imb:1 pmb:0 smb:17111 d:- ref:0 ;
in:1412 out:1412 type:B dur:2 cpbdur:2 q:41.29 aq:45.00 tex:0 mv:0 misc:744 imb:0 pmb:0 smb:17112 d:- ref:0 ;
in:1411 out:1413 type:b dur:2 cpbdur:2 q:41.30 aq:47.00 tex:0 mv:0 misc:728 imb:0 pmb:0 smb:17112 d:- ref:0 ;
in:1413 out:1414 type:b dur:2 cpbdur:2 q:41.29 aq:47.00 tex:0 mv:0 misc:728 imb:0 pmb:0 smb:17112 d:- ref:0 ;
in:1418 out:1415 type:P dur:2 cpbdur:2 q:41.27 aq:30.48 tex:6516 mv:2305 misc:1187 imb:724 pmb:31 smb:16357 d:- ref:0 ;
in:1416 out:1416 type:B dur:2 cpbdur:2 q:41.28 aq:35.97 tex:276 mv:48 misc:780 imb:1 pmb:6 smb:17105 d:- ref:0 ;
in:1415 out:1417 type:b dur:2 cpbdur:2 q:41.28 aq:42.00 tex:1 mv:2 misc:733 imb:0 pmb:1 smb:17111 d:- ref:0 ;
in:1417 out:1418 type:b dur:42 cpbdur:42 q:41.27 aq:42.00 tex:2 mv:8 misc:734 imb:0 pmb:3 smb:17109 d:- ref:0 ;
in:1422 out:1419 type:P dur:2 cpbdur:2 q:41.25 aq:37.85 tex:830 mv:126 misc:804 imb:4 pmb:12 smb:17096 d:- ref:0 ;
in:1420 out:1420 type:B dur:2 cpbdur:2 q:41.26 aq:40.26 tex:600 mv:73 misc:783 imb:2 pmb:13 smb:17097 d:- ref:0 ;
in:1419 out:1421 type:b dur:2 cpbdur:2 q:41.27 aq:42.16 tex:552 mv:68 misc:748 imb:3 pmb:8 smb:17101 d:- ref:0 ;
in:1421 out:1422 type:b dur:2 cpbdur:2 q:41.26 aq:41.43 tex:592 mv:82 misc:774 imb:3 pmb:14 smb:17095 d:- ref:0 ;
in:1426 out:1423 type:P dur:2 cpbdur:2 q:41.24 aq:35.55 tex:837 mv:85 misc:790 imb:8 pmb:6 smb:17098 d:- ref:0 ;
in:1424 out:1424 type:B dur:2 cpbdur:2 q:41.25 aq:39.17 tex:582 mv:82 misc:792 imb:3 pmb:13 smb:17096 d:- ref:0 ;
in:1423 out:1425 type:b dur:2 cpbdur:2 q:41.25 aq:42.93 tex:543 mv:63 misc:762 imb:1 pmb:14 smb:17097 d:- ref:0 ;
in:1425 out:1426 type:b dur:2 cpbdur:2 q:41.24 aq:42.53 tex:599 mv:98 misc:759 imb:3 pmb:13 smb:17096 d:- ref:0 ;
in:1430 out:1427 type:P dur:2 cpbdur:2 q:41.23 aq:34.01 tex:1694 mv:140 misc:830 imb:10 pmb:11 smb:17091 d:- ref:0 ;
in:1428 out:1428 type:B dur:2 cpbdur:2 q:41.23 aq:36.57 tex:503 mv:106 misc:783 imb:3 pmb:14 smb:17095 d:- ref:0 ;
in:1427 out:1429 type:b dur:2 cpbdur:2 q:41.24 aq:43.60 tex:479 mv:72 misc:761 imb:2 pmb:15 smb:17095 d:- ref:0 ;
in:1429 out:1430 type:b dur:2 cpbdur:2 q:41.23 aq:37.10 tex:28 mv:40 misc:740 imb:2 pmb:6 smb:17104 d:- ref:0 ;
in:1434 out:1431 type:P dur:2 cpbdur:2 q:41.21 aq:36.00 tex:0 mv:0 misc:736 imb:0 pmb:0 smb:17112 d:- ref:0 ;
in:1432 out:1432 type:B dur:2 cpbdur:2 q:41.22 aq:40.00 tex:0 mv:0 misc:744 imb:0 pmb:0 smb:17112 d:- ref:0 ;
in:1431 out:1433 type:b dur:2 cpbdur:2 q:41.22 aq:42.00 tex:0 mv:0 misc:728 imb:0 pmb:0 smb:17112 d:- ref:0 ;
in:1433 out:1434 type:b dur:2 cpbdur:2 q:41.22 aq:42.00 tex:0 mv:0 misc:728 imb:0 pmb:0 smb:17112 d:- ref:0 ;
in:1438 out:1435 type:P dur:2 cpbdur:2 q:41.12 aq:34.69 tex:76 mv:94 misc:822 imb:3 pmb:8 smb:17101 d:- ref:0 ;
in:1436 out:1436 type:B dur:2 cpbdur:2 q:41.17 aq:40.00 tex:0 mv:0 misc:744 imb:0 pmb:0 smb:17112 d:- ref:0 ;
in:1435 out:1437 type:b dur:2 cpbdur:2 q:41.19 aq:42.00 tex:0 mv:0 misc:728 imb:0 pmb:0 smb:17112 d:- ref:0 ;
in:1437 out:1438 type:b dur:2 cpbdur:2 q:41.14 aq:42.00 tex:0 mv:0 misc:728 imb:0 pmb:0 smb:17112 d:- ref:0 ;
in:1442 out:1439 type:P dur:24 cpbdur:24 q:37.12 aq:37.00 tex:0 mv:0 misc:736 imb:0 pmb:0 smb:17112 d:- ref:0 ;
in:1440 out:1440 type:B dur:2 cpbdur:2 q:39.12 aq:38.00 tex:0 mv:0 misc:744 imb:0 pmb:0 smb:17112 d:- ref:0 ;
in:1439 out:1441 type:b dur:2 cpbdur:2 q:40.12 aq:41.00 tex:0 mv:0 misc:728 imb:0 pmb:0 smb:17112 d:- ref:0 ;
in:1441 out:1442 type:b dur:2 cpbdur:2 q:38.12 aq:39.00 tex:0 mv:0 misc:728 imb:0 pmb:0 smb:17112 d:- ref:0 ;
in:1446 out:1443 type:P dur:2 cpbdur:2 q:41.09 aq:35.14 tex:655 mv:102 misc:771 imb:3 pmb:8 smb:17101 d:- ref:0 ;
in:1444 out:1444 type:B dur:2 cpbdur:2 q:39.11 aq:40.07 tex:631 mv:77 misc:796 imb:1 pmb:16 smb:17095 d:- ref:0 ;
in:1443 out:1445 type:b dur:2 cpbdur:2 q:38.11 aq:40.25 tex:643 mv:56 misc:757 imb:1 pmb:13 smb:17098 d:- ref:0 ;
in:1445 out:1446 type:b dur:2 cpbdur:2 q:40.10 aq:41.96 tex:518 mv:84 misc:766 imb:3 pmb:12 smb:17097 d:- ref:0 ;
in:1450 out:1447 type:P dur:2 cpbdur:2 q:41.08 aq:31.24 tex:828 mv:97 misc:771 imb:11 pmb:3 smb:17098 d:- ref:0 ;
in:1448 out:1448 type:B dur:2 cpbdur:2 q:41.09 aq:44.62 tex:524 mv:57 misc:787 imb:0 pmb:16 smb:17096 d:- ref:0 ;
in:1447 out:1449 type:b dur:2 cpbdur:2 q:41.09 aq:32.98 tex:584 mv:102 misc:778 imb:4 pmb:11 smb:17097 d:- ref:0 ;
in:1449 out:1450 type:b dur:2 cpbdur:2 q:41.08 aq:33.57 tex:567 mv:85 misc:772 imb:3 pmb:14 smb:17095 d:- ref:0 ;
in:1454 out:1451 type:P dur:2 cpbdur:2 q:41.07 aq:22.77 tex:1280 mv:69 misc:771 imb:8 pmb:3 smb:17101 d:- ref:0 ;
in:1452 out:1452 type:B dur:2 cpbdur:2 q:41.07 aq:25.78 tex:25 mv:35 misc:772 imb:1 pmb:9 smb:17102 d:- ref:0 ;
in:1451 out:1453 type:b dur:2 cpbdur:2 q:41.08 aq:47.61 tex:554 mv:77 misc:769 imb:3 pmb:11 smb:17098 d:- ref:0 ;
in:1453 out:1454 type:b dur:2 cpbdur:2 q:41.07 aq:42.00 tex:0 mv:0 misc:728 imb:0 pmb:0 smb:17112 d:- ref:0 ;
in:1458 out:1455 type:P dur:2 cpbdur:2 q:41.01 aq:34.70 tex:28 mv:2 misc:746 imb:0 pmb:1 smb:17111 d:- ref:0 ;
in:1456 out:1456 type:B dur:2 cpbdur:2 q:41.04 aq:41.00 tex:0 mv:0 misc:744 imb:0 pmb:0 smb:17112 d:- ref:0 ;
in:1455 out:1457 type:b dur:2 cpbdur:2 q:41.05 aq:42.00 tex:0 mv:0 misc:728 imb:0 pmb:0 smb:17112 d:- ref:0 ;
in:1457 out:1458 type:b dur:2 cpbdur:2 q:41.02 aq:42.00 tex:0 mv:0 misc:728 imb:0 pmb:0 smb:17112 d:- ref:0 ;
in:1462 out:1459 type:P dur:2 cpbdur:2 q:41.00 aq:37.00 tex:0 mv:0 misc:736 imb:0 pmb:0 smb:17112 d:- ref:0 ;
in:1460 out:1460 type:B dur:2 cpbdur:2 q:41.00 aq:40.00 tex:0 mv:0 misc:744 imb:0 pmb:0 smb:17112 d:- ref:0 ;
in:1459 out:1461 type:b dur:2 cpbdur:2 q:41.01 aq:42.00 tex:0 mv:0 misc:728 imb:0 pmb:0 smb:17112 d:- ref:0 ;
in:1461 out:1462 type:b dur:2 cpbdur:2 q:41.00 aq:42.00 tex:0 mv:0 misc:728 imb:0 pmb:0 smb:17112 d:- ref:0 ;
in:1466 out:1463 type:P dur:4 cpbdur:4 q:38.58 aq:22.47 tex:746 mv:74 misc:764 imb:8 pmb:2 smb:17102 d:- ref:0 ;
in:1464 out:1464 type:B dur:2 cpbdur:2 q:39.79 aq:39.00 tex:1 mv:45 misc:770 imb:0 pmb:10 smb:17102 d:- ref:0 ;
in:1463 out:1465 type:b dur:2 cpbdur:2 q:40.39 aq:41.00 tex:1 mv:14 misc:745 imb:0 pmb:5 smb:17107 d:- ref:0 ;
in:1465 out:1466 type:b dur:2 cpbdur:2 q:39.19 aq:43.58 tex:662 mv:96 misc:754 imb:4 pmb:8 smb:17100 d:- ref:0 ;
in:1470 out:1467 type:P dur:2 cpbdur:2 q:40.97 aq:21.96 tex:204 mv:57 misc:779 imb:10 pmb:2 smb:17100 d:- ref:0 ;
in:1468 out:1468 type:B dur:2 cpbdur:2 q:39.78 aq:44.95 tex:590 mv:65 misc:769 imb:1 pmb:10 smb:17101 d:- ref:0 ;
in:1467 out:1469 type:b dur:2 cpbdur:2 q:39.18 aq:24.92 tex:663 mv:89 misc:760 imb:4 pmb:11 smb:17097 d:- ref:0 ;
in:1469 out:1470 type:b dur:2 cpbdur:2 q:40.37 aq:45.92 tex:437 mv:26 misc:737 imb:1 pmb:3 smb:17108 d:- ref:0 ;
in:1474 out:1471 type:P dur:2 cpbdur:2 q:40.96 aq:21.12 tex:26 mv:17 misc:749 imb:2 pmb:0 smb:17110 d:- ref:0 ;
in:1472 out:1472 type:B dur:2 cpbdur:2 q:40.96 aq:40.00 tex:0 mv:3 misc:749 imb:0 pmb:1 smb:17111 d:- ref:0 ;
in:1471 out:1473 type:b dur:2 cpbdur:2 q:40.97 aq:42.00 tex:0 mv:3 misc:733 imb:0 pmb:1 smb:17111 d:- ref:0 ;
in:1473 out:1474 type:b dur:2 cpbdur:2 q:40.96 aq:42.00 tex:0 mv:0 misc:728 imb:0 pmb:0 smb:17112 d:- ref:0 ;
in:1478 out:1475 type:P dur:2 cpbdur:2 q:40.94 aq:37.00 tex:0 mv:0 misc:736 imb:0 pmb:0 smb:17112 d:- ref:0 ;
in:1476 out:1476 type:B dur:2 cpbdur:2 q:40.95 aq:40.00 tex:0 mv:0 misc:744 imb:0 pmb:0 smb:17112 d:- ref:0 ;
in:1475 out:1477 type:b dur:2 cpbdur:2 q:40.95 aq:42.00 tex:0 mv:0 misc:728 imb:0 pmb:0 smb:17112 d:- ref:0 ;
in:1477 out:1478 type:b dur:2 cpbdur:2 q:40.95 aq:42.00 tex:0 mv:0 misc:728 imb:0 pmb:0 smb:17112 d:- ref:0 ;
in:1482 out:1479 type:P dur:2 cpbdur:2 q:40.92 aq:37.00 tex:0 mv:0 misc:736 imb:0 pmb:0 smb:17112 d:- ref:0 ;
in:1480 out:1480 type:B dur:2 cpbdur:2 q:40.93 aq:40.00 tex:0 mv:0 misc:744 imb:0 pmb:0 smb:17112 d:- ref:0 ;
in:1479 out:1481 type:b dur:2 cpbdur:2 q:40.94 aq:42.00 tex:0 mv:0 misc:728 imb:0 pmb:0 smb:17112 d:- ref:0 ;
in:1481 out:1482 type:b dur:2 cpbdur:2 q:40.93 aq:42.00 tex:0 mv:0 misc:728 imb:0 pmb:0 smb:17112 d:- ref:0 ;
in:1486 out:1483 type:P dur:2 cpbdur:2 q:40.91 aq:37.00 tex:0 mv:0 misc:736 imb:0 pmb:0 smb:17112 d:- ref:0 ;
in:1484 out:1484 type:B dur:2 cpbdur:2 q:40.92 aq:40.00 tex:0 mv:0 misc:744 imb:0 pmb:0 smb:17112 d:- ref:0 ;
in:1483 out:1485 type:b dur:2 cpbdur:2 q:40.92 aq:42.00 tex:0 mv:0 misc:728 imb:0 pmb:0 smb:17112 d:- ref:0 ;
in:1485 out:1486 type:b dur:2 cpbdur:2 q:40.91 aq:42.00 tex:0 mv:0 misc:728 imb:0 pmb:0 smb:17112 d:- ref:0 ;
in:1490 out:1487 type:P dur:2 cpbdur:2 q:40.90 aq:37.00 tex:0 mv:0 misc:736 imb:0 pmb:0 smb:17112 d:- ref:0 ;
in:1488 out:1488 type:B dur:2 cpbdur:2 q:40.90 aq:40.00 tex:0 mv:0 misc:744 imb:0 pmb:0 smb:17112 d:- ref:0 ;
in:1487 out:1489 type:b dur:2 cpbdur:2 q:40.91 aq:42.00 tex:0 mv:0 misc:728 imb:0 pmb:0 smb:17112 d:- ref:0 ;
in:1489 out:1490 type:b dur:2 cpbdur:2 q:40.90 aq:42.00 tex:0 mv:0 misc:728 imb:0 pmb:0 smb:17112 d:- ref:0 ;
in:1494 out:1491 type:P dur:2 cpbdur:2 q:40.88 aq:36.32 tex:380 mv:66 misc:842 imb:2 pmb:15 smb:17095 d:- ref:0 ;
in:1492 out:1492 type:B dur:4 cpbdur:4 q:40.89 aq:41.00 tex:0 mv:0 misc:744 imb:0 pmb:0 smb:17112 d:- ref:0 ;
in:1491 out:1493 type:b dur:2 cpbdur:2 q:40.89 aq:42.00 tex:0 mv:0 misc:728 imb:0 pmb:0 smb:17112 d:- ref:0 ;
in:1493 out:1494 type:b dur:2 cpbdur:2 q:40.89 aq:42.00 tex:0 mv:0 misc:728 imb:0 pmb:0 smb:17112 d:- ref:0 ;
in:1498 out:1495 type:P dur:2 cpbdur:2 q:40.87 aq:36.12 tex:96 mv:32 misc:768 imb:2 pmb:3 smb:17107 d:- ref:0 ;
in:1496 out:1496 type:B dur:2 cpbdur:2 q:40.88 aq:40.00 tex:0 mv:0 misc:744 imb:0 pmb:0 smb:17112 d:- ref:0 ;
in:1495 out:1497 type:b dur:2 cpbdur:2 q:40.88 aq:42.00 tex:0 mv:0 misc:728 imb:0 pmb:0 smb:17112 d:- ref:0 ;
in:1497 out:1498 type:b dur:2 cpbdur:2 q:40.87 aq:42.00 tex:0 mv:0 misc:728 imb:0 pmb:0 smb:17112 d:- ref:0 ;
in:1502 out:1499 type:P dur:2 cpbdur:2 q:40.86 aq:35.09 tex:133 mv:32 misc:795 imb:1 pmb:6 smb:17105 d:- ref:0 ;
in:1500 out:1500 type:B dur:2 cpbdur:2 q:40.86 aq:40.00 tex:0 mv:0 misc:744 imb:0 pmb:0 smb:17112 d:- ref:0 ;
in:1499 out:1501 type:b dur:2 cpbdur:2 q:40.87 aq:42.00 tex:0 mv:0 misc:728 imb:0 pmb:0 smb:17112 d:- ref:0 ;
in:1501 out:1502 type:b dur:2 cpbdur:2 q:40.86 aq:42.00 tex:0 mv:0 misc:728 imb:0 pmb:0 smb:17112 d:- ref:0 ;
in:1506 out:1503 type:P dur:2 cpbdur:2 q:40.84 aq:25.83 tex:197 mv:35 misc:784 imb:2 pmb:4 smb:17106 d:- ref:0 ;
in:1504 out:1504 type:B dur:2 cpbdur:2 q:40.85 aq:40.00 tex:0 mv:0 misc:744 imb:0 pmb:0 smb:17112 d:- ref:0 ;
in:1503 out:1505 type:b dur:2 cpbdur:2 q:40.85 aq:42.00 tex:0 mv:0 misc:728 imb:0 pmb:0 smb:17112 d:- ref:0 ;
in:1505 out:1506 type:b dur:2 cpbdur:2 q:40.84 aq:42.00 tex:0 mv:0 misc:728 imb:0 pmb:0 smb:17112 d:- ref:0 ;
in:1510 out:1507 type:P dur:2 cpbdur:2 q:40.82 aq:35.07 tex:153 mv:29 misc:802 imb:1 pmb:7 smb:17104 d:- ref:0 ;
in:1508 out:1508 type:B dur:2 cpbdur:2 q:40.83 aq:40.00 tex:0 mv:0 misc:744 imb:0 pmb:0 smb:17112 d:- ref:0 ;
in:1507 out:1509 type:b dur:2 cpbdur:2 q:40.84 aq:42.00 tex:0 mv:0 misc:728 imb:0 pmb:0 smb:17112 d:- ref:0 ;
in:1509 out:1510 type:b dur:2 cpbdur:2 q:40.83 aq:41.00 tex:0 mv:0 misc:728 imb:0 pmb:0 smb:17112 d:- ref:0 ;
in:1514 out:1511 type:P dur:2 cpbdur:2 q:40.81 aq:31.53 tex:9588 mv:191 misc:1997 imb:1 pmb:242 smb:16869 d:- ref:0 ;
in:1512 out:1512 type:B dur:2 cpbdur:2 q:40.82 aq:40.00 tex:0 mv:0 misc:744 imb:0 pmb:0 smb:17112 d:- ref:0 ;
in:1511 out:1513 type:b dur:2 cpbdur:2 q:40.82 aq:41.00 tex:0 mv:0 misc:728 imb:0 pmb:0 smb:17112 d:- ref:0 ;
in:1513 out:1514 type:b dur:2 cpbdur:2 q:40.81 aq:41.00 tex:0 mv:0 misc:728 imb:0 pmb:0 smb:17112 d:- ref:0 ;
in:1518 out:1515 type:P dur:2 cpbdur:2 q:40.80 aq:31.61 tex:3878 mv:325 misc:1397 imb:25 pmb:104 smb:16983 d:- ref:0 ;
in:1516 out:1516 type:B dur:2 cpbdur:2 q:40.80 aq:39.00 tex:0 mv:0 misc:744 imb:0 pmb:0 smb:17112 d:- ref:0 ;
in:1515 out:1517 type:b dur:2 cpbdur:2 q:40.81 aq:41.00 tex:0 mv:0 misc:728 imb:0 pmb:0 smb:17112 d:- ref:0 ;
in:1517 out:1518 type:b dur:2 cpbdur:2 q:40.80 aq:41.00 tex:0 mv:0 misc:728 imb:0 pmb:0 smb:17112 d:- ref:0 ;
in:1522 out:1519 type:P dur:2 cpbdur:2 q:40.78 aq:27.75 tex:3562 mv:211 misc:1347 imb:16 pmb:176 smb:16920 d:- ref:0 ;
in:1520 out:1520 type:B dur:2 cpbdur:2 q:40.79 aq:39.00 tex:0 mv:0 misc:744 imb:0 pmb:0 smb:17112 d:- ref:0 ;
in:1519 out:1521 type:b dur:4 cpbdur:4 q:40.79 aq:41.00 tex:0 mv:0 misc:728 imb:0 pmb:0 smb:17112 d:- ref:0 ;
in:1521 out:1522 type:b dur:2 cpbdur:2 q:40.79 aq:41.00 tex:0 mv:0 misc:728 imb:0 pmb:0 smb:17112 d:- ref:0 ;
in:1526 out:1523 type:P dur:2 cpbdur:2 q:40.77 aq:24.58 tex:1365 mv:220 misc:1103 imb:21 pmb:43 smb:17048 d:- ref:0 ;
in:1524 out:1524 type:B dur:2 cpbdur:2 q:40.78 aq:39.00 tex:0 mv:0 misc:744 imb:0 pmb:0 smb:17112 d:- ref:0 ;
in:1523 out:1525 type:b dur:2 cpbdur:2 q:40.78 aq:41.00 tex:0 mv:0 misc:728 imb:0 pmb:0 smb:17112 d:- ref:0 ;
in:1525 out:1526 type:b dur:2 cpbdur:2 q:40.77 aq:41.00 tex:0 mv:0 misc:728 imb:0 pmb:0 smb:17112 d:- ref:0 ;
in:1530 out:1527 type:P dur:2 cpbdur:2 q:40.76 aq:32.90 tex:3911 mv:160 misc:993 imb:2 pmb:50 smb:17060 d:- ref:0 ;
in:1528 out:1528 type:B dur:60 cpbdur:60 q:40.76 aq:41.00 tex:1 mv:3 misc:748 imb:0 pmb:1 smb:17111 d:- ref:0 ;
in:1527 out:1529 type:b dur:2 cpbdur:2 q:40.77 aq:41.00 tex:0 mv:0 misc:728 imb:0 pmb:0 smb:17112 d:- ref:0 ;
in:1529 out:1530 type:b dur:12 cpbdur:12 q:40.76 aq:41.00 tex:0 mv:3 misc:733 imb:0 pmb:1 smb:17111 d:- ref:0 ;
in:1534 out:1531 type:P dur:2 cpbdur:2 q:40.75 aq:45.24 tex:504 mv:40 misc:768 imb:2 pmb:4 smb:17106 d:- ref:0 ;
in:1532 out:1532 type:B dur:2 cpbdur:2 q:40.75 aq:39.00 tex:1 mv:6 misc:753 imb:0 pmb:2 smb:17110 d:- ref:0 ;
in:1531 out:1533 type:b dur:2 cpbdur:2 q:40.75 aq:41.00 tex:0 mv:0 misc:728 imb:0 pmb:0 smb:17112 d:- ref:0 ;
in:1533 out:1534 type:b dur:2 cpbdur:2 q:40.75 aq:44.97 tex:69 mv:12 misc:735 imb:0 pmb:3 smb:17109 d:- ref:0 ;
in:1538 out:1535 type:P dur:2 cpbdur:2 q:40.73 aq:26.23 tex:850 mv:103 misc:823 imb:10 pmb:8 smb:17094 d:- ref:0 ;
in:1536 out:1536 type:B dur:2 cpbdur:2 q:40.74 aq:46.68 tex:561 mv:64 misc:783 imb:2 pmb:10 smb:17100 d:- ref:0 ;
in:1535 out:1537 type:b dur:2 cpbdur:2 q:40.74 aq:44.93 tex:652 mv:58 misc:754 imb:2 pmb:9 smb:17101 d:- ref:0 ;
in:1537 out:1538 type:b dur:2 cpbdur:2 q:40.74 aq:45.69 tex:647 mv:63 misc:754 imb:2 pmb:11 smb:17099 d:- ref:0 ;
in:1539 out:1539 type:I dur:2 cpbdur:2 q:37.87 aq:19.77 tex:548177 mv:78361 misc:718 imb:17112 pmb:0 smb:0 d:- ref:;
in:1543 out:1540 type:P dur:2 cpbdur:2 q:40.71 aq:34.57 tex:929 mv:46 misc:945 imb:0 pmb:34 smb:17078 d:- ref:0 ;
in:1541 out:1541 type:B dur:2 cpbdur:2 q:40.71 aq:41.00 tex:0 mv:0 misc:728 imb:0 pmb:0 smb:17112 d:- ref:0 ;
in:1540 out:1542 type:b dur:2 cpbdur:2 q:40.71 aq:41.00 tex:0 mv:0 misc:728 imb:0 pmb:0 smb:17112 d:- ref:0 ;
in:1542 out:1543 type:b dur:2 cpbdur:2 q:40.71 aq:41.00 tex:0 mv:0 misc:728 imb:0 pmb:0 smb:17112 d:- ref:0 ;
in:1547 out:1544 type:P dur:2 cpbdur:2 q:40.59 aq:29.26 tex:48 mv:5 misc:763 imb:0 pmb:2 smb:17110 d:- ref:0 ;
in:1545 out:1545 type:B dur:2 cpbdur:2 q:40.65 aq:39.00 tex:0 mv:0 misc:744 imb:0 pmb:0 smb:17112 d:- ref:0 ;
in:1544 out:1546 type:b dur:2 cpbdur:2 q:40.68 aq:41.00 tex:0 mv:0 misc:728 imb:0 pmb:0 smb:17112 d:- ref:0 ;
in:1546 out:1547 type:b dur:2 cpbdur:2 q:40.62 aq:41.00 tex:0 mv:0 misc:728 imb:0 pmb:0 smb:17112 d:- ref:0 ;
in:1551 out:1548 type:P dur:90 cpbdur:90 q:36.59 aq:37.00 tex:0 mv:0 misc:736 imb:0 pmb:0 smb:17112 d:- ref:0 ;
in:1549 out:1549 type:B dur:2 cpbdur:2 q:38.59 aq:37.00 tex:0 mv:0 misc:744 imb:0 pmb:0 smb:17112 d:- ref:0 ;
in:1548 out:1550 type:b dur:2 cpbdur:2 q:39.59 aq:40.00 tex:0 mv:0 misc:728 imb:0 pmb:0 smb:17112 d:- ref:0 ;
in:1550 out:1551 type:b dur:4 cpbdur:4 q:37.59 aq:38.00 tex:0 mv:0 misc:728 imb:0 pmb:0 smb:17112 d:- ref:0 ;
in:1554 out:1552 type:P dur:2 cpbdur:2 q:40.55 aq:17.66 tex:32691 mv:4530 misc:883 imb:8548 pmb:16 smb:8548 d:- ref:0 ;
in:1552 out:1553 type:B dur:6 cpbdur:6 q:37.91 aq:41.66 tex:912 mv:155 misc:965 imb:3 pmb:101 smb:17008 d:- ref:0 ;
in:1553 out:1554 type:b dur:2 cpbdur:2 q:39.23 aq:24.50 tex:134 mv:447 misc:1011 imb:23 pmb:101 smb:16988 d:- ref:0 ;
in:1558 out:1555 type:P dur:2 cpbdur:2 q:40.61 aq:30.56 tex:54621 mv:6165 misc:3238 imb:2134 pmb:187 smb:14791 d:- ref:0 ;
in:1556 out:1556 type:B dur:2 cpbdur:2 q:40.58 aq:30.26 tex:90 mv:3511 misc:1927 imb:436 pmb:227 smb:16449 d:- ref:0 ;
in:1555 out:1557 type:b dur:2 cpbdur:2 q:40.56 aq:32.70 tex:142 mv:1804 misc:1934 imb:151 pmb:558 smb:16403 d:- ref:0 ;
in:1557 out:1558 type:b dur:2 cpbdur:2 q:40.59 aq:41.00 tex:4 mv:25 misc:755 imb:0 pmb:12 smb:17100 d:- ref:0 ;
in:1562 out:1559 type:P dur:2 cpbdur:2 q:40.57 aq:30.34 tex:2556 mv:2520 misc:1996 imb:840 pmb:53 smb:16219 d:- ref:0 ;
in:1560 out:1560 type:B dur:2 cpbdur:2 q:40.59 aq:32.13 tex:125 mv:1217 misc:1026 imb:172 pmb:8 smb:16932 d:- ref:0 ;
in:1559 out:1561 type:b dur:6 cpbdur:6 q:40.60 aq:41.00 tex:0 mv:0 misc:728 imb:0 pmb:0 smb:17112 d:- ref:0 ;
in:1561 out:1562 type:b dur:2 cpbdur:2 q:40.58 aq:41.00 tex:1 mv:78 misc:769 imb:0 pmb:6 smb:17106 d:- ref:0 ;
in:1566 out:1563 type:P dur:2 cpbdur:2 q:40.36 aq:31.20 tex:1538 mv:1342 misc:1512 imb:307 pmb:44 smb:16761 d:- ref:0 ;
in:1564 out:1564 type:B dur:2 cpbdur:2 q:40.47 aq:33.41 tex:28 mv:13 misc:751 imb:1 pmb:0 smb:17111 d:- ref:0 ;
in:1563 out:1565 type:b dur:2 cpbdur:2 q:40.52 aq:41.00 tex:0 mv:5 misc:739 imb:0 pmb:2 smb:17110 d:- ref:0 ;
in:1565 out:1566 type:b dur:2 cpbdur:2 q:40.42 aq:41.00 tex:0 mv:0 misc:728 imb:0 pmb:0 smb:17112 d:- ref:0 ;
in:1570 out:1567 type:P dur:2 cpbdur:2 q:40.34 aq:26.04 tex:1586 mv:2248 misc:1750 imb:641 pmb:39 smb:16432 d:- ref:0 ;
in:1568 out:1568 type:B dur:2 cpbdur:2 q:40.35 aq:38.00 tex:0 mv:0 misc:744 imb:0 pmb:0 smb:17112 d:- ref:0 ;
in:1567 out:1569 type:b dur:2 cpbdur:2 q:40.36 aq:41.00 tex:0 mv:5 misc:731 imb:0 pmb:1 smb:17111 d:- ref:0 ;
in:1569 out:1570 type:b dur:2 cpbdur:2 q:40.34 aq:41.00 tex:0 mv:0 misc:728 imb:0 pmb:0 smb:17112 d:- ref:0 ;
in:1574 out:1571 type:P dur:2 cpbdur:2 q:40.31 aq:29.90 tex:326 mv:77 misc:837 imb:3 pmb:10 smb:17099 d:- ref:0 ;
in:1572 out:1572 type:B dur:2 cpbdur:2 q:40.32 aq:38.00 tex:0 mv:0 misc:744 imb:0 pmb:0 smb:17112 d:- ref:0 ;
in:1571 out:1573 type:b dur:2 cpbdur:2 q:40.33 aq:41.00 tex:0 mv:24 misc:736 imb:0 pmb:1 smb:17111 d:- ref:0 ;
in:1573 out:1574 type:b dur:2 cpbdur:2 q:40.32 aq:41.00 tex:0 mv:0 misc:728 imb:0 pmb:0 smb:17112 d:- ref:0 ;
in:1578 out:1575 type:P dur:2 cpbdur:2 q:40.28 aq:27.41 tex:1100 mv:808 misc:1324 imb:207 pmb:31 smb:16874 d:- ref:0 ;
in:1576 out:1576 type:B dur:2 cpbdur:2 q:40.29 aq:29.70 tex:267 mv:1131 misc:1162 imb:111 pmb:88 smb:16913 d:- ref:0 ;
in:1575 out:1577 type:b dur:4 cpbdur:4 q:40.30 aq:32.15 tex:111 mv:590 misc:995 imb:41 pmb:64 smb:17007 d:- ref:0 ;
in:1577 out:1578 type:b dur:2 cpbdur:2 q:40.28 aq:41.00 tex:1 mv:22 misc:745 imb:0 pmb:3 smb:17109 d:- ref:0 ;
in:1582 out:1579 type:P dur:2 cpbdur:2 q:40.23 aq:29.54 tex:2475 mv:2842 misc:1731 imb:861 pmb:42 smb:16209 d:- ref:0 ;
in:1580 out:1580 type:B dur:2 cpbdur:2 q:40.25 aq:34.11 tex:56 mv:55 misc:817 imb:0 pmb:10 smb:17102 d:- ref:0 ;
in:1579 out:1581 type:b dur:2 cpbdur:2 q:40.26 aq:32.15 tex:224 mv:2086 misc:1458 imb:176 pmb:250 smb:16686 d:- ref:0 ;
in:1581 out:1582 type:b dur:4 cpbdur:4 q:40.24 aq:41.00 tex:0 mv:3 misc:733 imb:0 pmb:1 smb:17111 d:- ref:0 ;
in:1584 out:1583 type:P dur:2 cpbdur:2 q:40.19 aq:29.00 tex:2706 mv:511 misc:991 imb:76 pmb:23 smb:17013 d:- ref:0 ;
in:1583 out:1584 type:b dur:4 cpbdur:4 q:40.21 aq:41.04 tex:152 mv:279 misc:841 imb:11 pmb:37 smb:17064 d:- ref:0 ;
in:1586 out:1585 type:P dur:2 cpbdur:2 q:40.16 aq:27.00 tex:5076 mv:785 misc:907 imb:102 pmb:25 smb:16985 d:- ref:0 ;
in:1585 out:1586 type:b dur:2 cpbdur:2 q:40.17 aq:38.67 tex:561 mv:447 misc:824 imb:37 pmb:13 smb:17062 d:- ref:0 ;
in:1590 out:1587 type:P dur:2 cpbdur:2 q:40.14 aq:20.56 tex:392961 mv:16610 misc:893 imb:8414 pmb:148 smb:8550 d:- ref:0 ;
in:1588 out:1588 type:B dur:22 cpbdur:22 q:40.15 aq:38.00 tex:9 mv:38 misc:945 imb:0 pmb:92 smb:17020 d:- ref:0 ;
in:1587 out:1589 type:b dur:2 cpbdur:2 q:40.16 aq:31.84 tex:359 mv:663 misc:1018 imb:59 pmb:73 smb:16980 d:- ref:0 ;
in:1589 out:1590 type:b dur:134 cpbdur:134 q:40.15 aq:41.00 tex:0 mv:0 misc:728 imb:0 pmb:0 smb:17112 d:- ref:0 ;
in:1594 out:1591 type:P dur:2 cpbdur:2 q:39.70 aq:28.12 tex:3982 mv:194 misc:1456 imb:8 pmb:118 smb:16986 d:- ref:0 ;
in:1592 out:1592 type:B dur:2 cpbdur:2 q:39.92 aq:46.46 tex:487 mv:29 misc:772 imb:0 pmb:11 smb:17101 d:- ref:0 ;
in:1591 out:1593 type:b dur:2 cpbdur:2 q:40.03 aq:27.08 tex:545 mv:75 misc:756 imb:1 pmb:13 smb:17098 d:- ref:0 ;
in:1593 out:1594 type:b dur:2 cpbdur:2 q:39.81 aq:44.79 tex:565 mv:47 misc:756 imb:1 pmb:9 smb:17102 d:- ref:0 ;
in:1598 out:1595 type:P dur:2 cpbdur:2 q:39.66 aq:26.16 tex:1221 mv:108 misc:991 imb:7 pmb:32 smb:17073 d:- ref:0 ;
in:1596 out:1596 type:B dur:2 cpbdur:2 q:39.68 aq:37.00 tex:0 mv:0 misc:744 imb:0 pmb:0 smb:17112 d:- ref:0 ;
in:1595 out:1597 type:b dur:2 cpbdur:2 q:39.69 aq:40.00 tex:0 mv:0 misc:728 imb:0 pmb:0 smb:17112 d:- ref:0 ;
in:1597 out:1598 type:b dur:2 cpbdur:2 q:39.67 aq:40.00 tex:0 mv:0 misc:728 imb:0 pmb:0 smb:17112 d:- ref:0 ;
in:1602 out:1599 type:P dur:2 cpbdur:2 q:39.62 aq:25.08 tex:1801 mv:178 misc:1045 imb:15 pmb:44 smb:17053 d:- ref:0 ;
in:1600 out:1600 type:B dur:2 cpbdur:2 q:39.64 aq:37.00 tex:0 mv:0 misc:744 imb:0 pmb:0 smb:17112 d:- ref:0 ;
in:1599 out:1601 type:b dur:2 cpbdur:2 q:39.65 aq:40.00 tex:0 mv:0 misc:728 imb:0 pmb:0 smb:17112 d:- ref:0 ;
in:1601 out:1602 type:b dur:2 cpbdur:2 q:39.63 aq:40.00 tex:0 mv:0 misc:728 imb:0 pmb:0 smb:17112 d:- ref:0 ;
in:1606 out:1603 type:P dur:2 cpbdur:2 q:39.67 aq:27.94 tex:1112 mv:352 misc:1040 imb:81 pmb:32 smb:16999 d:- ref:0 ;
in:1604 out:1604 type:B dur:2 cpbdur:2 q:39.65 aq:38.00 tex:0 mv:0 misc:744 imb:0 pmb:0 smb:17112 d:- ref:0 ;
in:1603 out:1605 type:b dur:2 cpbdur:2 q:39.63 aq:40.00 tex:0 mv:0 misc:728 imb:0 pmb:0 smb:17112 d:- ref:0 ;
in:1605 out:1606 type:b dur:4 cpbdur:4 q:39.66 aq:40.00 tex:0 mv:0 misc:728 imb:0 pmb:0 smb:17112 d:- ref:0 ;
in:1610 out:1607 type:P dur:16 cpbdur:16 q:35.67 aq:34.00 tex:0 mv:0 misc:736 imb:0 pmb:0 smb:17112 d:- ref:0 ;
in:1608 out:1608 type:B dur:2 cpbdur:2 q:37.67 aq:38.00 tex:0 mv:0 misc:744 imb:0 pmb:0 smb:17112 d:- ref:0 ;
in:1607 out:1609 type:b dur:2 cpbdur:2 q:38.67 aq:39.00 tex:0 mv:0 misc:728 imb:0 pmb:0 smb:17112 d:- ref:0 ;
in:1609 out:1610 type:b dur:2 cpbdur:2 q:36.67 aq:37.00 tex:0 mv:0 misc:728 imb:0 pmb:0 smb:17112 d:- ref:0 ;
in:1614 out:1611 type:P dur:120 cpbdur:120 q:31.67 aq:17.74 tex:5433 mv:1965 misc:1194 imb:398 pmb:163 smb:16551 d:- ref:0 ;
in:1612 out:1612 type:B dur:4 cpbdur:4 q:33.67 aq:20.90 tex:165 mv:372 misc:895 imb:3 pmb:197 smb:16912 d:- ref:0 ;
in:1611 out:1613 type:b dur:38 cpbdur:38 q:34.67 aq:21.85 tex:80 mv:40 misc:792 imb:0 pmb:13 smb:17099 d:- ref:0 ;
in:1613 out:1614 type:b dur:2 cpbdur:2 q:32.67 aq:34.00 tex:10 mv:192 misc:806 imb:0 pmb:108 smb:17004 d:- ref:0 ;
in:1618 out:1615 type:P dur:2 cpbdur:2 q:38.73 aq:28.72 tex:3101 mv:362 misc:1201 imb:6 pmb:113 smb:16993 d:- ref:0 ;
in:1616 out:1616 type:B dur:2 cpbdur:2 q:35.20 aq:36.00 tex:1 mv:9 misc:750 imb:0 pmb:1 smb:17111 d:- ref:0 ;
in:1615 out:1617 type:b dur:2 cpbdur:2 q:33.44 aq:34.00 tex:1 mv:9 misc:734 imb:0 pmb:1 smb:17111 d:- ref:0 ;
in:1617 out:1618 type:b dur:2 cpbdur:2 q:36.97 aq:38.00 tex:0 mv:0 misc:728 imb:0 pmb:0 smb:17112 d:- ref:0 ;
in:1622 out:1619 type:P dur:2 cpbdur:2 q:38.69 aq:30.40 tex:568 mv:138 misc:886 imb:10 pmb:22 smb:17080 d:- ref:0 ;
in:1620 out:1620 type:B dur:4 cpbdur:4 q:38.71 aq:40.00 tex:0 mv:0 misc:744 imb:0 pmb:0 smb:17112 d:- ref:0 ;
in:1619 out:1621 type:b dur:2 cpbdur:2 q:38.72 aq:40.00 tex:0 mv:0 misc:728 imb:0 pmb:0 smb:17112 d:- ref:0 ;
in:1621 out:1622 type:b dur:2 cpbdur:2 q:38.70 aq:40.00 tex:0 mv:0 misc:728 imb:0 pmb:0 smb:17112 d:- ref:0 ;
in:1626 out:1623 type:P dur:2 cpbdur:2 q:38.62 aq:15.23 tex:473 mv:420 misc:1027 imb:101 pmb:19 smb:16992 d:- ref:0 ;
in:1624 out:1624 type:B dur:2 cpbdur:2 q:38.65 aq:40.00 tex:0 mv:0 misc:744 imb:0 pmb:0 smb:17112 d:- ref:0 ;
in:1623 out:1625 type:b dur:2 cpbdur:2 q:38.67 aq:40.00 tex:0 mv:0 misc:728 imb:0 pmb:0 smb:17112 d:- ref:0 ;
in:1625 out:1626 type:b dur:2 cpbdur:2 q:38.64 aq:40.00 tex:0 mv:0 misc:728 imb:0 pmb:0 smb:17112 d:- ref:0 ;
in:1630 out:1627 type:P dur:2 cpbdur:2 q:38.38 aq:39.00 tex:0 mv:0 misc:736 imb:0 pmb:0 smb:17112 d:- ref:0 ;
in:1628 out:1628 type:B dur:4 cpbdur:4 q:38.50 aq:33.00 tex:0 mv:0 misc:736 imb:0 pmb:0 smb:17112 d:- ref:0 ;
in:1627 out:1629 type:b dur:118 cpbdur:118 q:38.56 aq:39.00 tex:0 mv:0 misc:728 imb:0 pmb:0 smb:17112 d:- ref:0 ;
in:1629 out:1630 type:b dur:2 cpbdur:2 q:38.44 aq:39.00 tex:0 mv:0 misc:728 imb:0 pmb:0 smb:17112 d:- ref:0 ;
in:1634 out:1631 type:P dur:2 cpbdur:2 q:37.85 aq:39.00 tex:0 mv:0 misc:736 imb:0 pmb:0 smb:17112 d:- ref:0 ;
in:1632 out:1632 type:B dur:2 cpbdur:2 q:38.11 aq:39.00 tex:0 mv:0 misc:744 imb:0 pmb:0 smb:17112 d:- ref:0 ;
in:1631 out:1633 type:b dur:2 cpbdur:2 q:38.25 aq:39.00 tex:0 mv:0 misc:728 imb:0 pmb:0 smb:17112 d:- ref:0 ;
in:1633 out:1634 type:b dur:2 cpbdur:2 q:37.98 aq:39.00 tex:0 mv:0 misc:728 imb:0 pmb:0 smb:17112 d:- ref:0 ;
